entry,meaning
本1,"classifier for books, periodicals, files etc"
点1,classifier for small amounts/point; dot; spot; speck/point in time or space/(after a number) o'clock/a small amount; a bit; (after a verb or adjective) a bit more/(math.) decimal point/dot stroke in Chinese characters
和1,(joining two nouns) and; together with; with (Taiwan pr. [han4])
会1,can; to have the skill; to know how to/to be likely to; to be sure to/to meet; to get together
两1,two/both/some/a few
喂1,hey
别1,don't ...!
打1,"to hit; to strike/to fight/a semantically light, transitive verb that is combined with various grammatical objects to form compound verbs and verb-object phrases with a diverse range of meanings (e.g. 打傘|打伞[da3 san3] ""to hold an umbrella"", 打電話|打电话[da3 dian4 hua4] ""to make a phone call"", 打針|打针[da3 zhen1] ""to get an injection"", 打手套[da3 shou3 tao4] ""to knit gloves"", 打氣|打气[da3 qi4] ""to inflate"")"
等1,to wait for; to await/by the time; when; till
点2,"to touch briefly; to tap/to mark with a dot; to check off (on a list)/to order (food etc); to select/to mention; to bring up (a topic or person)/to hint at; to imply/to administer (eye medicine etc) in drops/to light (a fire, a lamp etc); to ignite/to nod (one's head) in agreement; to beckon by moving (one's hand) up and down"
过去1,to go over; to pass by
花1,"to spend (money, time)"
花2,flower/blossom/fancy pattern/florid/(coll.) lecherous/lustful
站1,station/branch of a company or organization/website
才1,"then and only then/just now/(before an expression of quantity) only/(emphatic, esp. in contrast or correction) really; actually"
该1,should/ought to/must be/to deserve/to owe/to be sb's turn to do sth/probably
过去2,(in the) past; former; previous
会2,meeting; gathering/(suffix) union; group; association/(bound form) a moment (Taiwan pr. [hui3])
站2,to stand/to halt/to stop
乘1,to ride/to mount
等2,and so on; etc.; et al./(used to end an enumeration)/(literary) (plural suffix attached to a personal pronoun or noun)/(bound form) class; rank; grade/(bound form) equal to; same as
两2,"tael, unit of weight equal to 50 grams (modern) or 1⁄16 of a catty 斤[jin1] (old)"
生1,to grow; to give birth; to produce; to be born/to arise; to occur/to light (a fire)/to live; to be alive/life/(bound form) student; person engaged in a field/(bound form) male role in traditional opera/(bound form) life; lifetime/(bound form) means of livelihood
生2,raw; uncooked; unprocessed/unfamiliar; strange/(bound form) very; intensely (as in 生疼[sheng1 teng2])/(bound form) in a forced manner (as in 生拉硬拽[sheng1 la1 ying4 zhuai4])
省1,province/provincial capital/a ministry (of the Japanese government)
为1,to act as/to serve as/to behave as/to become/to be/to do
之1,"(possessive particle, literary equivalent of 的[de5])"
转机1,to change planes
作为1,to act as/as (in the capacity of)/qua/to view as/to look upon (sth as)/to take sth to be
本2,originally; initially/(bound form) one's own; this/(bound form) this; the current (year etc)/(bound form) root; stem/(bound form) origin; source/(bound form) original/(bound form) inherent/capital; principal
别2,"to leave; to part (from)/(literary) to differentiate; to distinguish/to fasten with a pin or clip/to stick in; to insert (in order to hinder movement)/(dialect) to turn away; to turn aside; to avert (one's face, gaze etc)/(bound form) other; another; different/(noun suffix) category (as in 性別|性别[xing4 bie2], 派別|派别[pai4 bie2])"
才2,ability; talent/sb of a certain type/a capable individual
称1,to weigh
称2,to name/to state/name/appellation/to praise
成年1,to grow to adulthood/fully grown; adult
调1,to transfer/to move (troops or cadres)/to investigate/to enquire into
副1,"classifier for pairs, sets of things & facial expressions"
命1,life/fate
批1,"classifier for batches, lots, military flights/tier (for the ranking of universities and colleges)"
批2,to criticize/to ascertain/to act on/to pass on
升1,to ascend; to rise/to promote; to elevate
省2,to save; to economize; to be frugal/to omit; to delete; to leave out
所1,"place/classifier for houses, small buildings, institutions etc/actually"
为2,as (in the capacity of)/to take sth as/by (in the passive voice)
支1,"classifier for rods such as pens and guns, for army divisions and for songs or compositions/branch/division"
乘2,to multiply (math.)/to make use of/to avail oneself of/to take advantage of/Buddhist sect or creed
副2,secondary/auxiliary/deputy/assistant/vice-/abbr. for 副詞|副词 adverb
该2,that/the above-mentioned
局1,"classifier for games: match, set, round etc"
局2,office/situation
料1,material/stuff/grain/feed
料2,to expect/to anticipate/to guess
露1,to show/to reveal/to betray/to expose
升2,liter/unit of dry measure for grain (= one liter or one-tenth dou 斗[dou3])
所2,that which/particle introducing a relative clause or passive
则1,(literary) (conjunction used to express contrast with a previous clause) but; then/(bound form) standard; norm/(bound form) principle/(literary) to imitate; to follow
支2,to support/to sustain/to erect/to raise/to draw money
成年2,the whole year
打2,"(coll.) from; since (as in 打那以後|打那以后[da3 na4 yi3 hou4] ""since then"")"
调2,key (in music)/mode (music)/tune/tone/melody/accent/view/argument
粉丝1,bean vermicelli; mung bean starch noodles; cellophane noodles
粉丝2,"fan; enthusiast for sb or sth (loanword from ""fans"")"
和2,(bound form) harmonious/(math.) sum/to make peace/(sports) to draw; to tie/(bound form) Japan; Japanese
露2,dew/syrup/nectar/outdoors (not under cover)
麻1,(of materials) rough or coarse/pocked/pitted/to have pins and needles or tingling/to feel numb
麻2,"generic name for hemp, flax etc/hemp or flax fiber for textile materials/sesame"
码1,"classifier for matters, items, situations etc (esp. when indicating whether they are the same or different, as in 不是一碼事|不是一码事[bu4 shi4 yi1 ma3 shi4] ""not the same thing"")/(clothing) size/yard (unit of length)/number/(computing) code/(bound form) standard weight used with a balance scale/(archaic) agate/(coll.) kilometers per hour (informal misuse of ""yard"" to mean kph in speed references)/(Tw, HK) (finance) unit of 25 basis points (i.e. a 0.25% change in interest rate)"
码2,(coll.) to pile up; to stack
命2,"order or command/to assign a name, title etc"
则2,classifier for written items
之2,him/her/it
制服1,"uniform (army, party, school etc)/livery (for company employees)/(in former times) what one is allowed to wear depending on social status"
制服2,to subdue/to check/to bring under control
转机2,(to take) a turn for the better
自负1,to take responsibility
自负2,conceited
作为2,one's conduct/deed/activity/accomplishment/achievement
说法,way of speaking/wording/formulation/one's version (of events)/statement/theory/hypothesis/interpretation
标致,(of a woman) beautiful; pretty
口音,accent/voice
下场,"the end/to conclude/to leave (the stage, an exam room, the playing field etc)"
好处,benefit; advantage; merit/gain; profit
得罪,to offend sb/to make a faux pas
铲,"(bound form) spade; shovel/to scrape the ground with a spade (to make it level or to remove weeds); to shovel"
回,"to go back; to return; to turn back; to turn around/to reply; to answer/classifier for literary divisions (acts of a play, sections or chapters of a classic book)/classifier for occurrences or times/to curve/to return/to revolve"
岁,classifier for years (of age)/year/year (of crop harvests)/years old
游,to swim/to walk/to tour/to roam/to travel
刮,to scrape/to blow/to shave/to plunder/to extort/to blow (of the wind)
向,towards/to face/to turn towards/direction/to support/to side with/shortly before/formerly/always/all along/(suffix) suitable for .../oriented to .../orientation/to turn toward/to/to tend toward/to guide
并,and/furthermore/also/together with/(not) at all/simultaneously/to combine/to join/to merge/to amalgamate
回复,"to reply (by letter, email etc)/reply; answer/to recover; to revert; to return to (good health, normal condition etc)"
困,sleepy/tired/to trap/to surround/hard-pressed/stranded/destitute
期,"classifier for issues of a periodical, courses of study/a period of time/phase/stage/time/term/period/to hope/cycle"
台,platform/stage/terrace/stand/support/station/broadcasting station/classifier for vehicles or machines/desk; table; counter
冲1,(of water) to dash against/to mix with water/to infuse/to rinse/to flush/to develop (a film)/to rise in the air/to clash/to collide with/thoroughfare/to go straight ahead/to rush
划1,to row/to paddle/profitable/worth (the effort)/it pays (to do sth)/to cut/to slash/to scratch (cut into the surface of sth)/to strike (a match)
逼,to force (sb to do sth)/to compel/to press for/to extort/to press on towards/to press up to/to close in on/euphemistic variant of 屄[bi1]/to pressure
汇,to remit/to converge (of rivers)/to exchange/class/collection
卷1,"to roll up/(fig.) to sweep up; to engulf; to drag into (a situation)/(slang) to compete to an unhealthy degree; hypercompetitive/a roll/classifier for small rolled-up things (wad of paper money, movie reel etc)/to sweep up; to carry along/classifier for rolls, spools etc"
扎,"to prick/to run or stick (a needle etc) into/mug or jug used for serving beer (loanword from ""jar"")/(of troops) to be stationed (at)"
制,system/to control/to regulate/to manufacture/to make
毁,to destroy; to ruin/to defame; to slander/to destroy by fire/to defame/to slander
精练,"refined/polished/succinct/skilled/capable/to refine (a substance)/to purify/to refine (one's skills, writing etc)/(textiles) to scour/to degum (silk)"
蒙1,to deceive/to cheat/to hoodwink/to make a wild guess/(knocked) unconscious/dazed/stunned
拟,to plan to/to draft (a plan)/to imitate/to assess/to compare/pseudo-/doubtful/suspicious/to emulate
凄凉,desolate (place)/mournful; miserable
托,"to hold up in one's hand; to support with one's palm/sth serving as a support: a prop, a rest (e.g. arm rest)/(bound form) a shill/to ask; to beg; to entrust (variant of 託|托[tuo1])/torr (unit of pressure)/to trust/to entrust/to be entrusted with/to act as trustee"
挽,to pull/to draw (a cart or a bow)/to roll up/to coil/to carry on the arm/to lament the dead/(fig.) to pull against/to recover/to draw (a cart)
凶,vicious/fierce/ominous/inauspicious/famine/terrible/fearful
熏,to smoke/to fumigate/to assail the nostrils/to perfume/fragrance/warm/to educate
闸,sluice; sluice gate/to dam up water/(coll.) brake/(coll.) electric switch/sluice/lock (on waterway)
震荡,to shake up/to jolt/to vibrate/to oscillate/to fluctuate/to shake/to shudder
征,to invite/to recruit/to levy (taxes)/to draft (troops)/phenomenon/symptom/characteristic sign (used as proof)/evidence/journey/trip/expedition/to go on long campaign/to attack
注,"(bound form) to pour into; to flow into; to inject/(bound form) to focus (one's spirit, gaze etc) on a single point; to concentrate/(bound form) stake (in gambling)/classifier for stakes, sums of money, transactions or beams of light/to annotate; to provide explanatory notes on a written text/an annotation; an explanatory note/(bound form) to put on record; to register"
男孩儿,boy/erhua form of 男孩[nan2 hai2]
女孩儿,girl; lass/erhua form of 女孩[nu : 3 hai2]
表,exterior surface/family relationship via females/to show (one's opinion)/a model/a table (listing information)/a form/a meter (measuring sth)/watch (timepiece)/meter; gauge
小偷儿,thief/erhua form of 小偷[xiao3 tou1]
编制,"to weave; to plait/to compile; to put together (a lesson plan, budget etc)/to establish (a unit or department)/authorized staffing allocation in government or public institutions (excluding temporary or contract staff)"
分量,"quantity; weight; measure/(fig.) weight (importance, prestige, authority etc); (of written material) density/(food) portion size"
离谱儿,inappropriate; improper; out of place/erhua form of 離譜|离谱[li2 pu3]
人缘儿,"the quality of one's relationships with other people (e.g. 人緣好|人缘好[ren2 yuan2 hao3] ""to be well liked"")/erhua form of 人緣|人缘[ren2 yuan2]"
