chinese,word,meaning
他已于上月离京。,京,abbr. for Beijing 北京
林青自幼对木雕颇感兴趣，六岁起即拜当地的匠人为师，潜心学习雕刻技艺。,青,green / blue / black
苏州历来是经济富饶的鱼米之乡，与杭州齐名，并称“苏杭”。,杭,abbr. for Hangzhou 杭州
女儿春节在外未能回家，询问父母近况，二老回复说：“一切平安，勿念。”,春,spring (season)
在这样一个大城市的小区，雨后还能听到蛙声，真的令人欣喜。我们何不把新居叫做“听蛙楼”？,楼,house with more than 1 story / storied building / floor
经医生细心诊治，哥哥身体状况日渐好转，已经可以自行下床行走了。,经,to pass through; to go through; after
生态经济学认为，一切经济活动都是在一定的生态经济系统中进行的。它是由生态系统和经济系统两个子系统有机结合形成的。经济活动不单在经济系统中进行，同时也在生态系统中运行。也就是说，同时要受经济规律和生态规律的双重制约。有的地区比其他地区发展得好、前景也更广阔，关键就在于主政者能够不但遵循商业经营规律，同时也满足生态平衡的自然规律要求。综上所述，创造经济效益、增强地区的竞争力与可持续发展密不可分，关键之处是人类是否在合理地利用资源、是否在改善和保护环境。,也,also; too; as well
近些年，在全球范围内引发最多关注的火山，莫过于2010年3月20日开始大规模喷发的冰岛南部的埃亚菲亚德拉火山了。,埃,dust / dirt / angstrom
虽然【】没有得到为国家献身的机会，但也一直做好了准备；如果到了那一天，汪昌绪绝对丝毫不会犹豫。,昌,(bound form) prosperous; flourishing
兹证明李莉女士系本单位正式员工，已连续在本单位工作十年。,莉,"jasmine, as in 茉莉 mòlì"
按说，以方平的能力完全可以在大城市里立足，可他为了方便照顾父母，毅然选,平,flat; level; even; equal
刘全指着铁子说：“要不是蔬菜大棚，铁子还是贫困户哩！”铁子不好意思地笑了：“可不是嘛！”,全,all; whole; entire; complete
王安忆对上海人的观察和描写非常细腻，可谓“入木三分”。,安,safe; secure; peaceful
眼看着周围的同事朋友升职发财，佳佳不免跟丈夫多唠叨了几句。,佳,good; fine; beautiful
看见前面登场的选手纷纷取得了较高的得分，即将表演的白兰不由得紧张了起来。,兰,orchid
迎面走来一个身着白色T恤的女学生，白皙的额头上垂落着一缕秀发。,着,aspect particle indicating action in progress or ongoing state
20年前的长江中堡岛已不复存在。现在，在它的左边，大坝已矗立在波涛之中，左岸厂房坝、电厂、泄洪坝等已相继建成。在它的右边，三期工程的主体项目——右岸电厂正夜以继日地工作着。,之,"(possessive particle, literary equivalent of 的[de5])"
20年前的长江中堡岛已不复存在。现在，在它的左边，大坝已矗立在波涛之中，左岸厂房坝、电厂、泄洪坝等已相继建成。在它的右边，三期工程的主体项目——右岸电厂正夜以继日地工作着。,等,and so on; etc.; et al. / (used to end an enumeration) / (literary) (plural suffix attached to a personal pronoun or noun) / (bound form) class; rank; grade / (bound form) equal to; same as
——不是，你下午两点才吃过饭，现在还不到三个小时，这么快就又饿了？,两,two / both / some / a few
——不是，你下午两点才吃过饭，现在还不到三个小时，这么快就又饿了？,才,then and only then / just now / (before an expression of quantity) only
——不是，你下午两点才吃过饭，现在还不到三个小时，这么快就又饿了？,点,(after a number) o'clock / classifier for small amounts / point; dot; spot; speck / point in time or space / a small amount; a bit; (after a verb or adjective) a bit more / (math.) decimal point / dot stroke in Chinese characters
“北京的雪总是静悄悄地飘下来，不会有一点声音。只有第二天早上睡醒了去开门，才知道昨天晚上下雪了。”一个道地的北京口音回应说：“可不，北京连雪也文明。”,会,to be likely to; to be sure to / can; to have the skill; to know how to / to meet; to get together
“北京的雪总是静悄悄地飘下来，不会有一点声音。只有第二天早上睡醒了去开门，才知道昨天晚上下雪了。”一个道地的北京口音回应说：“可不，北京连雪也文明。”,才,then and only then / just now / (before an expression of quantity) only
“古典小说”鼎盛于明清时期，彼时涌现了如四大名著等众多经典之作。,之,"(possessive particle, literary equivalent of 的[de5])"
“古典小说”鼎盛于明清时期，彼时涌现了如四大名著等众多经典之作。,等,(used to end an enumeration) / and so on; etc.; et al. / (literary) (plural suffix attached to a personal pronoun or noun) / (bound form) class; rank; grade / (bound form) equal to; same as
“往者不可谏，来者犹可追”，无须为过去的失误而懊悔，重要的是把握现在，展望未来。,过去,(in the) past; former; previous
“绿肥红瘦”四字是李清照《如梦令》一词的点睛之笔，历来为世人所称道。,所,particle introducing a relative clause or passive / that which
《体育课程标准》为体育课堂提供了课程评价的相关要求。概括来说，相关要求涵盖对学生的学习、教师的教学和课程的建设等多个方面。,和,(joining two nouns) and; together with; with (Taiwan pr. [han4])
《体育课程标准》为体育课堂提供了课程评价的相关要求。概括来说，相关要求涵盖对学生的学习、教师的教学和课程的建设等多个方面。,等,(used to end an enumeration) / and so on; etc.; et al. / (literary) (plural suffix attached to a personal pronoun or noun) / (bound form) class; rank; grade / (bound form) equal to; same as
一个、两百、五十八、一百零六、两千三百五十、九点半、半个小时,两,two / both / some / a few
一个、两百、五十八、一百零六、两千三百五十、九点半、半个小时,点,(after a number) o'clock / classifier for small amounts / point; dot; spot; speck / point in time or space / a small amount; a bit; (after a verb or adjective) a bit more / (math.) decimal point / dot stroke in Chinese characters
一个人在国外生活，要自己照顾自己，还要学习当地的语言和文化，总之，挺不容易的。,和,(joining two nouns) and; together with; with (Taiwan pr. [han4])
一个国家的教育发展水平取决于其经济、政治的发展程度；反过来说，它的经济和政治的发展程度，同样受到教育发展水平的深刻影响。,和,(joining two nouns) and; together with; with (Taiwan pr. [han4])
一杯、两个,两,two / both / some / a few
上一年大学，学费和生活费共需多少钱？,和,(joining two nouns) and; together with; with (Taiwan pr. [han4])
上个月我借了一本书，今天正好一个月了，你帮我还回去吧。,本,"classifier for books, periodicals, files etc"
上周的大型相亲会，他迫于父母的压力，去倒是去了，但若是让他在相亲会上勇敢地表达自己，追求心上人，确实是难为他了。,会,meeting; gathering / (suffix) union; group; association / (bound form) a moment (Taiwan pr. [hui3])
下周要考试，我该复习了。,该,should / ought to / must be / to deserve / to owe / to be sb's turn to do sth / probably
下班的时候，别忘了关上电脑。,别,don't ...!
下课以后，我常常去体育馆打篮球。,打,"a semantically light, transitive verb that is combined with various grammatical objects to form compound verbs and verb-object phrases with a diverse range of meanings (e.g. 打傘|打伞[da3 san3] ""to hold an umbrella"", 打電話|打电话[da3 dian4 hua4] ""to make a phone call"", 打針|打针[da3 zhen1] ""to get an injection"", 打手套[da3 shou3 tao4] ""to knit gloves"", 打氣|打气[da3 qi4] ""to inflate"") / to hit; to strike / to fight"
下雨了，别出去了。,别,don't ...!
不学不知道，一学才知道汉字如此有魅力。,才,then and only then / just now / (before an expression of quantity) only
不明白的不要瞎做，不该说的不要瞎说。,该,should / ought to / must be / to deserve / to owe / to be sb's turn to do sth / probably
不管别人怎么说，我也不会改变主意。,会,to be likely to; to be sure to / can; to have the skill; to know how to / to meet; to get together
不管怎么说，健康才是最重要的，要注意身体。,才,then and only then / just now / (before an expression of quantity) only
不论别人说我幼稚也好，不成熟也罢，我都会坚持自己的原则。,会,to be likely to; to be sure to / can; to have the skill; to know how to / to meet; to get together
且不说在近几年内，本省电力紧缺的局面不可能有根本性的改观，退一步说，即使电力紧缺得到基本缓解，小火电仍然有其不可替代之处。,之,"(possessive particle, literary equivalent of 的[de5])"
且不说在近几年内，本省电力紧缺的局面不可能有根本性的改观，退一步说，即使电力紧缺得到基本缓解，小火电仍然有其不可替代之处。,本,(bound form) one's own; this / originally; initially / (bound form) this; the current (year etc) / (bound form) root; stem / (bound form) origin; source / (bound form) original / (bound form) inherent / capital; principal
且不说在近几年内，本省电力紧缺的局面不可能有根本性的改观，退一步说，即使电力紧缺得到基本缓解，小火电仍然有其不可替代之处。,省,province / provincial capital / a ministry (of the Japanese government)
东方人和西方人的生活习惯不太一样。,和,(joining two nouns) and; together with; with (Taiwan pr. [han4])
两万三千、五万零八百、好多东西、好多人、二十多年、五十多人,两,two / both / some / a few
两国之间有着长期友好的关系。,两,two / both / some / a few
两宋时期，海外贸易得到了空前发展，海商队伍不断壮大，侨居外商也日趋增多。,两,two / both / some / a few
两点、七点零五、九点二十（分）、十点半,两,two / both / some / a few
两点、七点零五、九点二十（分）、十点半,点,(after a number) o'clock / classifier for small amounts / point; dot; spot; speck / point in time or space / a small amount; a bit; (after a verb or adjective) a bit more / (math.) decimal point / dot stroke in Chinese characters
中国各地的生活习惯各不相同，拿吃饭来说，南方人一般喜欢吃米饭，而北方人爱吃面条、馒头等面食。,等,(used to end an enumeration) / and so on; etc.; et al. / (literary) (plural suffix attached to a personal pronoun or noun) / (bound form) class; rank; grade / (bound form) equal to; same as
中国政府秉承“以人为本”的精神，【】根据被援助国要求和国际社会的呼吁，【】及时提供了救灾物资、救援队和医疗队，【】尽力提供现汇资金援助，【】积极参与了国际合作的重大紧急救援任务。,和,(joining two nouns) and; together with; with (Taiwan pr. [han4])
中国瓷器之所以享誉世界，皆因其实用与审美并存。,之,"(possessive particle, literary equivalent of 的[de5])"
中国的北方和南方我都去过。,和,(joining two nouns) and; together with; with (Taiwan pr. [han4])
中国的大学通常会为学生提供更换专业的机会。,会,to be likely to; to be sure to / can; to have the skill; to know how to / to meet; to get together
为了照顾生病的妻子和年幼的孩子，他关了自己一手创办的工作室，专心守着家人。,和,(joining two nouns) and; together with; with (Taiwan pr. [han4])
为了给山区的孩子们更多的帮助，志愿者回信时还一并寄去了衣服和图书。,和,(joining two nouns) and; together with; with (Taiwan pr. [han4])
为了表示对朋友的欢迎，他特意买了一束花。,花,flower / blossom / fancy pattern / florid / (coll.) lecherous / lustful
为什么我事先对你百般劝说都没有用，非得酿成大错你才肯反思？,才,then and only then / just now / (before an expression of quantity) only
为避免员工擅自离职给公司带来麻烦和损失，用人单位可在劳动合同中提前注明相关条款。,和,(joining two nouns) and; together with; with (Taiwan pr. [han4])
主人的审美意趣如何，从其所着的衣饰和家中的陈设，便可略知一二。,和,(joining two nouns) and; together with; with (Taiwan pr. [han4])
主人的审美意趣如何，从其所着的衣饰和家中的陈设，便可略知一二。,所,that which / particle introducing a relative clause or passive
举办一场国际展览会，断然不可能仅凭一己之力完成，需各方精诚合作、共同努力。,之,"(possessive particle, literary equivalent of 的[de5])"
乌云遮不住太阳，正义终究会战胜邪恶。,会,to be likely to; to be sure to / can; to have the skill; to know how to / to meet; to get together
书架上放着一百来本书。,本,"classifier for books, periodicals, files etc"
二十多年过去了，她依旧那么美丽动人。,过去,to go over; to pass by
人与人之间，尤其是父母和孩子之间，相互理解是很重要的。,和,(joining two nouns) and; together with; with (Taiwan pr. [han4])
人工智能i是新一轮科技革命和产业变革的重要驱动力量，Øi是研究、开发用于模拟、延伸和扩展人的智能的理论、方法、技术及应用系统的一门新的技术科学。,和,(joining two nouns) and; together with; with (Taiwan pr. [han4])
人的素质是人进行社会实践的产物，反过来，人的素质同样也会影响社会实践。,会,to be likely to; to be sure to / can; to have the skill; to know how to / to meet; to get together
今天《人民日报》上刊登的一则新闻，令我大吃一惊。,则,classifier for written items
今天和明天都下雨。,和,(joining two nouns) and; together with; with (Taiwan pr. [han4])
今年上半年，门店营业额有二百五十万元之多，但利润仅一万多元，公司经理说：“我们宁可利润少一些，也不能忘掉服务消费者的宗旨。”,之,"(possessive particle, literary equivalent of 的[de5])"
从这儿过去，大概需要多长时间？,过去,to go over; to pass by
他一下课就去打篮球了。,打,"a semantically light, transitive verb that is combined with various grammatical objects to form compound verbs and verb-object phrases with a diverse range of meanings (e.g. 打傘|打伞[da3 san3] ""to hold an umbrella"", 打電話|打电话[da3 dian4 hua4] ""to make a phone call"", 打針|打针[da3 zhen1] ""to get an injection"", 打手套[da3 shou3 tao4] ""to knit gloves"", 打氣|打气[da3 qi4] ""to inflate"") / to hit; to strike / to fight"
他不会开车。,会,can; to have the skill; to know how to / to be likely to; to be sure to / to meet; to get together
他不但会吹笛子，而且吹得还挺好，甚至还会做笛子呢！,会,can; to have the skill; to know how to / to be likely to; to be sure to / to meet; to get together
他从书包里拿出来一本中文书。,本,"classifier for books, periodicals, files etc"
他从包里拿出一本书。,本,"classifier for books, periodicals, files etc"
他们再这样一直吵下去，早晚会离婚的。,会,to be likely to; to be sure to / can; to have the skill; to know how to / to meet; to get together
他们没有直接拒绝你，而是让你回来等消息，就是说，你还有机会，千万不要放弃。,等,to wait for; to await / by the time; when; till
他会开车吗？,会,can; to have the skill; to know how to / to be likely to; to be sure to / to meet; to get together
他俩见面不打招呼，仿佛谁也不认识谁。,打,"a semantically light, transitive verb that is combined with various grammatical objects to form compound verbs and verb-object phrases with a diverse range of meanings (e.g. 打傘|打伞[da3 san3] ""to hold an umbrella"", 打電話|打电话[da3 dian4 hua4] ""to make a phone call"", 打針|打针[da3 zhen1] ""to get an injection"", 打手套[da3 shou3 tao4] ""to knit gloves"", 打氣|打气[da3 qi4] ""to inflate"") / to hit; to strike / to fight"
他卖给我一本中文书。,本,"classifier for books, periodicals, files etc"
他去哪儿从来不说，我怎么会知道呢？,会,to be likely to; to be sure to / can; to have the skill; to know how to / to meet; to get together
他取得博士学位后，毅然放弃了国外良好的工作条件和优厚的物质待遇，回到了祖国的怀抱。,和,(joining two nouns) and; together with; with (Taiwan pr. [han4])
他在屋后的空地上饲养了一群小鸡。这样一来，等小鸡长大后，他就有鸡蛋和鸡肉可吃了。,和,(joining two nouns) and; together with; with (Taiwan pr. [han4])
他在屋后的空地上饲养了一群小鸡。这样一来，等小鸡长大后，他就有鸡蛋和鸡肉可吃了。,等,by the time; when; till / to wait for; to await
他在我睡熟的时候偷偷跑了。真是的，我怎么会一点儿动静都没听到，睡得这么沉呢？,会,to be likely to; to be sure to / can; to have the skill; to know how to / to meet; to get together
他在演讲中幽默的插话并非一时兴起，而是刻意为之，以赢得观众的好感。,之,it / him / her
他在饭桌上大肆吹嘘自己的财富和人脉，试图建立起一个成功人士的形象。,和,(joining two nouns) and; together with; with (Taiwan pr. [han4])
他夜里翻来覆去地想着这件事，可是还是不知道该怎么着才好。,才,then and only then / just now / (before an expression of quantity) only
他夜里翻来覆去地想着这件事，可是还是不知道该怎么着才好。,该,should / ought to / must be / to deserve / to owe / to be sb's turn to do sth / probably
他年近80照样身板硬朗，精力和体力不输年轻人。,和,(joining two nouns) and; together with; with (Taiwan pr. [han4])
他总是迟到，我才不相信他今天能准时来。,才,then and only then / just now / (before an expression of quantity) only
他悄声说这可是件宝贝，打皇宫里流出来的。,打,"(coll.) from; since (as in 打那以後|打那以后[da3 na4 yi3 hou4] ""since then"")"
他才到家，还没有吃饭呢。,才,just now / then and only then / (before an expression of quantity) only
他把那本书借给我了。,本,"classifier for books, periodicals, files etc"
他提醒我旅行时一定要时刻注意自己的护照和钱包。,和,(joining two nouns) and; together with; with (Taiwan pr. [han4])
他最近身体时好时坏，但只要他还撑得住，他一定会来参加我们的婚礼的。,会,to be likely to; to be sure to / can; to have the skill; to know how to / to meet; to get together
他的中文水平相当不错，可以和中国人流利对话。,和,(joining two nouns) and; together with; with (Taiwan pr. [han4])
他的出发点是好的，只是没想到事情会闹到这个地步。,会,to be likely to; to be sure to / can; to have the skill; to know how to / to meet; to get together
他的父亲已有五十多岁，两个姐姐也都已结婚了。,两,two / both / some / a few
他篮球打得很好。,打,"a semantically light, transitive verb that is combined with various grammatical objects to form compound verbs and verb-object phrases with a diverse range of meanings (e.g. 打傘|打伞[da3 san3] ""to hold an umbrella"", 打電話|打电话[da3 dian4 hua4] ""to make a phone call"", 打針|打针[da3 zhen1] ""to get an injection"", 打手套[da3 shou3 tao4] ""to knit gloves"", 打氣|打气[da3 qi4] ""to inflate"") / to hit; to strike / to fight"
他职位提升后，工作日益繁忙，只能在工作之余发表一些作品。,之,"(possessive particle, literary equivalent of 的[de5])"
他脸上挂着浅浅笑意，听到问题后总会先略微思考一下，再不紧不慢地作答。,会,to be likely to; to be sure to / can; to have the skill; to know how to / to meet; to get together
他虽然在犹豫，但现在还不会和她说分手，一来于心不忍，二来谈了这么多年多少也习惯了，三来怕别人议论。,会,to be likely to; to be sure to / can; to have the skill; to know how to / to meet; to get together
他虽然在犹豫，但现在还不会和她说分手，一来于心不忍，二来谈了这么多年多少也习惯了，三来怕别人议论。,和,(joining two nouns) and; together with; with (Taiwan pr. [han4])
他这个人干什么都我行我素，穿衣打扮更是特立独行，一副“你爱看不看，反正我的事你管不着”的态度。,副,"classifier for pairs, sets of things & facial expressions"
他这段时间一直极度紧张和焦虑，现在终于放松下来了。,和,(joining two nouns) and; together with; with (Taiwan pr. [han4])
他那么聪明的人，绝不会干这种傻事。,会,to be likely to; to be sure to / can; to have the skill; to know how to / to meet; to get together
以你的资质，假以时日必定会“青出于蓝而胜于蓝”。,会,to be likely to; to be sure to / can; to have the skill; to know how to / to meet; to get together
企业管理者要为企业的发展提供催化剂。所谓催化剂，就是能为企业发展提供助力的一切行为，包括设立清晰目标、调动员工自主性和创造性，以及提供充分的资源等。,和,(joining two nouns) and; together with; with (Taiwan pr. [han4])
企业管理者要为企业的发展提供催化剂。所谓催化剂，就是能为企业发展提供助力的一切行为，包括设立清晰目标、调动员工自主性和创造性，以及提供充分的资源等。,等,and so on; etc.; et al. / (used to end an enumeration) / (literary) (plural suffix attached to a personal pronoun or noun) / (bound form) class; rank; grade / (bound form) equal to; same as
但凡旅客有需求，小到一针一线，大到轮椅担架，铁路工作人员都会竭力满足。,会,to be likely to; to be sure to / can; to have the skill; to know how to / to meet; to get together
作为一个摄影爱好者，我对这位国际知名的摄影大师仰慕久矣。,作为,as (in the capacity of) / to act as / qua / to view as / to look upon (sth as) / to take sth to be
作为学生，难道学习不是最重要的事情吗？,作为,as (in the capacity of) / to act as / qua / to view as / to look upon (sth as) / to take sth to be
作为生活在中国的外国人，我很想了解中国人的生活习惯。,作为,as (in the capacity of) / to act as / qua / to view as / to look upon (sth as) / to take sth to be
作为老师，她一向严格要求自己的学生。,作为,as (in the capacity of) / to act as / qua / to view as / to look upon (sth as) / to take sth to be
作为首都，北京的发展比一般的城市更快，工作机会更多。,作为,as (in the capacity of) / to act as / qua / to view as / to look upon (sth as) / to take sth to be
你60岁的人了，每个月好几千的退休金，何苦再出来打零工？,打,"a semantically light, transitive verb that is combined with various grammatical objects to form compound verbs and verb-object phrases with a diverse range of meanings (e.g. 打傘|打伞[da3 san3] ""to hold an umbrella"", 打電話|打电话[da3 dian4 hua4] ""to make a phone call"", 打針|打针[da3 zhen1] ""to get an injection"", 打手套[da3 shou3 tao4] ""to knit gloves"", 打氣|打气[da3 qi4] ""to inflate"") / to hit; to strike / to fight"
你上来吧，我在楼上等你。,等,to wait for; to await / by the time; when; till
你下了飞机记得给妈妈打个电话，否则她会一直担心你。,会,to be likely to; to be sure to / can; to have the skill; to know how to / to meet; to get together
你下了飞机记得给妈妈打个电话，否则她会一直担心你。,打,"a semantically light, transitive verb that is combined with various grammatical objects to form compound verbs and verb-object phrases with a diverse range of meanings (e.g. 打傘|打伞[da3 san3] ""to hold an umbrella"", 打電話|打电话[da3 dian4 hua4] ""to make a phone call"", 打針|打针[da3 zhen1] ""to get an injection"", 打手套[da3 shou3 tao4] ""to knit gloves"", 打氣|打气[da3 qi4] ""to inflate"") / to hit; to strike / to fight"
你不用再劝他了，他根本不会听。,会,to be likely to; to be sure to / can; to have the skill; to know how to / to meet; to get together
你不舒服，那就别去了。,别,don't ...!
你不要生气，下次别答应他就是了。,别,don't ...!
你为了满足自己的虚荣心，花这么多钱打肿脸充胖子，何必呢？,花,"to spend (money, time)"
你之所以落选，并非你不优秀，而是你的风格和他们的需求不完全匹配。,之,"(possessive particle, literary equivalent of 的[de5])"
你之所以落选，并非你不优秀，而是你的风格和他们的需求不完全匹配。,和,(joining two nouns) and; together with; with (Taiwan pr. [han4])
你争气点，强过你的两个哥哥，不要让那些没安好心的人笑话了。,两,two / both / some / a few
你争气点，强过你的两个哥哥，不要让那些没安好心的人笑话了。,点,a small amount; a bit; (after a verb or adjective) a bit more / classifier for small amounts / point; dot; spot; speck / point in time or space / (after a number) o'clock / (math.) decimal point / dot stroke in Chinese characters
你们两个人一起去，遇到问题至少能商量一下。,两,two / both / some / a few
你们两个人中间的那个人是谁？,两,two / both / some / a few
你们俩有话好好说，别斤斤计较，各自让一步，这事儿不就过去了？,别,don't ...!
你们俩有话好好说，别斤斤计较，各自让一步，这事儿不就过去了？,过去,to go over; to pass by
你们的方案非常详细，况且已经得到了业内专家的肯定，相信实施起来不会有什么问题。,会,to be likely to; to be sure to / can; to have the skill; to know how to / to meet; to get together
你出现了这个失误，按理该扣一个月的工资，但看在你平时工作还算认真的份上，公司决定给你机会将功补过。,该,should / ought to / must be / to deserve / to owe / to be sb's turn to do sth / probably
你别再解释了，我跟你没什么好说的。,别,don't ...!
你别把垃圾往地上扔。,别,don't ...!
你别这么拼命地工作，要注意身体啊！,别,don't ...!
你别那么固执了，看在孩子的面子上，就来一趟吧。,别,don't ...!
你喜欢打篮球，还是喜欢踢足球？,打,"a semantically light, transitive verb that is combined with various grammatical objects to form compound verbs and verb-object phrases with a diverse range of meanings (e.g. 打傘|打伞[da3 san3] ""to hold an umbrella"", 打電話|打电话[da3 dian4 hua4] ""to make a phone call"", 打針|打针[da3 zhen1] ""to get an injection"", 打手套[da3 shou3 tao4] ""to knit gloves"", 打氣|打气[da3 qi4] ""to inflate"") / to hit; to strike / to fight"
你在楼上等我，我给你送上去。,等,to wait for; to await / by the time; when; till
你学了一天了，该休息休息了。,该,should / ought to / must be / to deserve / to owe / to be sb's turn to do sth / probably
你就是不同意，我也不会改变自己的决定。,会,to be likely to; to be sure to / can; to have the skill; to know how to / to meet; to get together
你想吃什么就点什么吧。,点,"to order (food etc); to select / to touch briefly; to tap / to mark with a dot; to check off (on a list) / to mention; to bring up (a topic or person) / to hint at; to imply / to administer (eye medicine etc) in drops / to light (a fire, a lamp etc); to ignite / to nod (one's head) in agreement; to beckon by moving (one's hand) up and down"
你想靠炒股票赚钱？趁早打消这个念头儿吧，你别听人忽悠，炒股的人没有几个赚钱的。,别,don't ...!
你所了解的情况只是一小部分。,所,particle introducing a relative clause or passive / that which
你把地址写在这儿，千万别写错了。,别,don't ...!
你放心，我们会与你共同解决这个问题。,会,to be likely to; to be sure to / can; to have the skill; to know how to / to meet; to get together
你最好提前上网了解一下那里的天气、交通、景点等方面的信息。,等,and so on; etc.; et al. / (used to end an enumeration) / (literary) (plural suffix attached to a personal pronoun or noun) / (bound form) class; rank; grade / (bound form) equal to; same as
你点了这么多菜，咱们两个人吃得了吗？,两,two / both / some / a few
你点了这么多菜，咱们两个人吃得了吗？,点,"to order (food etc); to select / to touch briefly; to tap / to mark with a dot; to check off (on a list) / to mention; to bring up (a topic or person) / to hint at; to imply / to administer (eye medicine etc) in drops / to light (a fire, a lamp etc); to ignite / to nod (one's head) in agreement; to beckon by moving (one's hand) up and down"
你男朋友真够浪漫的，每天都给你送一枝花。,花,flower / blossom / fancy pattern / florid / (coll.) lecherous / lustful
你知道我的难言之隐，我不能和任何人说明我们的关系。所以什么好的坏的我都要憋在心里，默默承受。,和,(joining two nouns) and; together with; with (Taiwan pr. [han4])
你要去就去吧，反正我肯定不会去。,会,to be likely to; to be sure to / can; to have the skill; to know how to / to meet; to get together
你试试往碗里加几滴醋，说不定味道会更好。,会,to be likely to; to be sure to / can; to have the skill; to know how to / to meet; to get together
你说到哪儿去了，我才不会对他产生任何好感！,会,to be likely to; to be sure to / can; to have the skill; to know how to / to meet; to get together
你说到哪儿去了，我才不会对他产生任何好感！,才,then and only then / just now / (before an expression of quantity) only
你这么喜欢这本书，干脆送给你得了。,本,"classifier for books, periodicals, files etc"
你这样没日没夜地工作，身体早晚会出问题的。,会,to be likely to; to be sure to / can; to have the skill; to know how to / to meet; to get together
供给和需求好比一枚硬币的两面，无法截然分开。,两,two / both / some / a few
供给和需求好比一枚硬币的两面，无法截然分开。,和,(joining two nouns) and; together with; with (Taiwan pr. [han4])
供给和需求好比一枚硬币的两面，无法截然分开。,面,"side / face / surface / aspect / top / classifier for objects with flat surfaces such as drums, mirrors, flags etc"
修身之道不唯阅读，品茶、闲谈、对弈、抚琴、练武、游历山水均可养性。,之,"(possessive particle, literary equivalent of 的[de5])"
倘若一开始她就懂得精打细算，日子也不会过得这么捉襟见肘了。,会,to be likely to; to be sure to / can; to have the skill; to know how to / to meet; to get together
值此新春佳节之际，衷心感谢您对本公司一直以来的关心和支持！,和,(joining two nouns) and; together with; with (Taiwan pr. [han4])
值此新春佳节之际，衷心感谢您对本公司一直以来的关心和支持！,本,(bound form) one's own; this / originally; initially / (bound form) this; the current (year etc) / (bound form) root; stem / (bound form) origin; source / (bound form) original / (bound form) inherent / capital; principal
假如有一天你当了校长，你会制定什么规则？,会,to be likely to; to be sure to / can; to have the skill; to know how to / to meet; to get together
假如让我重新选择，我还是会选择医学专业。,会,to be likely to; to be sure to / can; to have the skill; to know how to / to meet; to get together
儿子再次打来电话，可他连听都不听就直接把电话挂掉，然后把话筒放在一边，这样他儿子就再也打不进来了。,打,"a semantically light, transitive verb that is combined with various grammatical objects to form compound verbs and verb-object phrases with a diverse range of meanings (e.g. 打傘|打伞[da3 san3] ""to hold an umbrella"", 打電話|打电话[da3 dian4 hua4] ""to make a phone call"", 打針|打针[da3 zhen1] ""to get an injection"", 打手套[da3 shou3 tao4] ""to knit gloves"", 打氣|打气[da3 qi4] ""to inflate"") / to hit; to strike / to fight"
全球变暖是自然因素和人为因素共同作用的结果。一方面，近年来超强的厄尔尼诺现象显著升高了海水温度，使得大洋上空温度偏高。另一方面，人类活动，如大规模的工业排放和森林采伐，是更主要的原因。,和,(joining two nouns) and; together with; with (Taiwan pr. [han4])
八点了，该上课了。,点,(after a number) o'clock / classifier for small amounts / point; dot; spot; speck / point in time or space / a small amount; a bit; (after a verb or adjective) a bit more / (math.) decimal point / dot stroke in Chinese characters
八点了，该上课了。,该,should / ought to / must be / to deserve / to owe / to be sb's turn to do sth / probably
八点了，起床吧。,点,(after a number) o'clock / classifier for small amounts / point; dot; spot; speck / point in time or space / a small amount; a bit; (after a verb or adjective) a bit more / (math.) decimal point / dot stroke in Chinese characters
关于先生会上所言，学生尚有不明之处，可否向先生进一步请教？,之,"(possessive particle, literary equivalent of 的[de5])"
关于先生会上所言，学生尚有不明之处，可否向先生进一步请教？,会,meeting; gathering / (suffix) union; group; association / (bound form) a moment (Taiwan pr. [hui3])
关于先生会上所言，学生尚有不明之处，可否向先生进一步请教？,所,that which / particle introducing a relative clause or passive
其实，一些看起来很小的事情往往会影响人的一生。,会,to be likely to; to be sure to / can; to have the skill; to know how to / to meet; to get together
兹证明李莉女士系本单位正式员工，已连续在本单位工作十年。,本,(bound form) one's own; this / originally; initially / (bound form) this; the current (year etc) / (bound form) root; stem / (bound form) origin; source / (bound form) original / (bound form) inherent / capital; principal
冬天许多鸟都会朝南方温暖的地方飞去。,会,to be likely to; to be sure to / can; to have the skill; to know how to / to meet; to get together
决议成文程序严格，须经全体会议或代表大会讨论通过才能生效。,才,then and only then / just now / (before an expression of quantity) only
凡是有机会，他都会积极争取。,会,to be likely to; to be sure to / can; to have the skill; to know how to / to meet; to get together
凡来我市进行技术合作的单位，均可根据自身的资金、设备、专长等条件，进行多领域、多层次的合作。,等,and so on; etc.; et al. / (used to end an enumeration) / (literary) (plural suffix attached to a personal pronoun or noun) / (bound form) class; rank; grade / (bound form) equal to; same as
凭借着高超的技艺和精巧的构思，民间艺术家的作品在国内外赛事中屡屡获奖。,和,(joining two nouns) and; together with; with (Taiwan pr. [han4])
刚来中国时，我既听不懂也说不清楚，至于写作和阅读，就更不行了。,和,(joining two nouns) and; together with; with (Taiwan pr. [han4])
创业指导专家服务团成立一年来，想创业者之所想，急创业者之所急，是创业者的最佳智囊团。,之,"(possessive particle, literary equivalent of 的[de5])"
创业指导专家服务团成立一年来，想创业者之所想，急创业者之所急，是创业者的最佳智囊团。,所,that which / particle introducing a relative clause or passive
别出去了，外面一直在下雨。,别,don't ...!
别忘了，明天有考试。,别,don't ...!
别浪费时间了，有什么想法说就是了。,别,don't ...!
别看书了，打开电视，看两集电视剧吧。,两,two / both / some / a few
别看书了，打开电视，看两集电视剧吧。,别,don't ...!
别看小王一天到晚看上去什么都不在乎的样子，其实他是个特别在意别人看法的人。,别,don't ...!
别看年龄小，他的志向可很大呢！,别,don't ...!
别站着，快请坐。,别,don't ...!
别站着，快请坐。,站,to stand / to halt / to stop
到了高三下学期，就该放下所有负担，调整好心态，该学就学，该玩就玩。,该,should / ought to / must be / to deserve / to owe / to be sb's turn to do sth / probably
医院今年新建职工宿舍三幢，医技大楼两幢。,两,two / both / some / a few
十几年前，该县共有20余所小学，其中多半学校的校舍残破，教学设施老旧。这种情况下，谈何“素质教育”？,所,"classifier for houses, small buildings, institutions etc / place / actually"
十几年前，该县共有20余所小学，其中多半学校的校舍残破，教学设施老旧。这种情况下，谈何“素质教育”？,该,the above-mentioned / that
南方各种花都开了，可是北方还比较冷。,花,flower / blossom / fancy pattern / florid / (coll.) lecherous / lustful
历史学家的任务之一是在浩瀚的史料中挖掘出何时、何地发生了何种事件。,之,"(possessive particle, literary equivalent of 的[de5])"
历经一年，长乐村建成了一幢两层高的标准化教学楼。,两,two / both / some / a few
反正我已经辞职了，今晚加班我是不会去的。,会,to be likely to; to be sure to / can; to have the skill; to know how to / to meet; to get together
受有关机构委托，兹有以下标的拟予以转让，现公告如下，欢迎合格投标人参加该项目投标。,该,the above-mentioned / that
只有努力学习，才能得到好成绩。,才,then and only then / just now / (before an expression of quantity) only
只有多听、多说、多看，你的中文水平才能提高。,才,then and only then / just now / (before an expression of quantity) only
只有大家一起想办法，才能解决这个问题。,才,then and only then / just now / (before an expression of quantity) only
只给孩子花钱却不花时间陪伴孩子的家长同样是小气鬼。,花,"to spend (money, time)"
同学们把课文读了两遍。,两,two / both / some / a few
听到有人求助，他赶忙过去帮忙。,过去,to go over; to pass by
听懂、回去、跑得很快、等一下,等,to wait for; to await / by the time; when; till
听说小林和小王要结婚了，是真的吗？,和,(joining two nouns) and; together with; with (Taiwan pr. [han4])
听音乐如果音量过大，对成人的听力都会造成损伤，更不用说对婴幼儿了。所以，让婴幼儿听音乐时，音量要控制适当。,会,to be likely to; to be sure to / can; to have the skill; to know how to / to meet; to get together
周末他不是在游泳馆游泳，就是在篮球场打篮球。,打,"a semantically light, transitive verb that is combined with various grammatical objects to form compound verbs and verb-object phrases with a diverse range of meanings (e.g. 打傘|打伞[da3 san3] ""to hold an umbrella"", 打電話|打电话[da3 dian4 hua4] ""to make a phone call"", 打針|打针[da3 zhen1] ""to get an injection"", 打手套[da3 shou3 tao4] ""to knit gloves"", 打氣|打气[da3 qi4] ""to inflate"") / to hit; to strike / to fight"
咱们赶快往前走，大家都在前面等着呢。,等,to wait for; to await / by the time; when; till
哥们儿，不是我说你，你还是社会经验不够啊。这件事搞成这样，说明你和上司的关系实在不怎么样。,和,(joining two nouns) and; together with; with (Taiwan pr. [han4])
哥哥姐姐、今天和明天、有没有,和,(joining two nouns) and; together with; with (Taiwan pr. [han4])
哥哥早我两年上学。,两,two / both / some / a few
哥哥比我大两岁。,两,two / both / some / a few
喂，你去哪儿？,喂,hey
喂，请问，李老师在吗？,喂,hey
回国前，我给父母买了两大包中国茶作为礼物。,两,two / both / some / a few
回国前，我给父母买了两大包中国茶作为礼物。,作为,as (in the capacity of) / to act as / qua / to view as / to look upon (sth as) / to take sth to be
团购的产品价格十分优惠，可商家对待使用团购券的客人却很不热情，总摆出一副爱吃不吃、爱住不住、爱买不买的姿态。,副,"classifier for pairs, sets of things & facial expressions"
国务院明确规定，我国的“驰名商标”工作一概由国家商标局负责。,局,office / situation
在不到两小时的演讲过程中，他至少引用了20则古代典故。,两,two / both / some / a few
在不到两小时的演讲过程中，他至少引用了20则古代典故。,则,classifier for written items
在会议上，他提出的解决方案大家都表示赞成，只有副总经理一个人极力反对。,副,deputy / secondary / auxiliary / assistant / vice- / abbr. for 副詞|副词 adverb
在全球化的激烈竞争中，唯有持续创新才能立于不败之地。,之,"(possessive particle, literary equivalent of 的[de5])"
在全球化的激烈竞争中，唯有持续创新才能立于不败之地。,才,then and only then / just now / (before an expression of quantity) only
在商务谈判中，应尽量做到知己知彼，这样才能争取到最大的利益。,才,then and only then / just now / (before an expression of quantity) only
在壬寅虎年来临之际，各地人民以丰富多彩的活动，尽情表达了他们的喜悦之情和对新一年的美好憧憬。,之,"(possessive particle, literary equivalent of 的[de5])"
在壬寅虎年来临之际，各地人民以丰富多彩的活动，尽情表达了他们的喜悦之情和对新一年的美好憧憬。,和,(joining two nouns) and; together with; with (Taiwan pr. [han4])
在学习上，老师和同学给了我许多帮助。,和,(joining two nouns) and; together with; with (Taiwan pr. [han4])
在学校（学习）、对老师（说）、和朋友（说汉语）,和,(joining two nouns) and; together with; with (Taiwan pr. [han4])
在成长的道路上，免不了会遇到各种各样的问题。,会,to be likely to; to be sure to / can; to have the skill; to know how to / to meet; to get together
在有关部门的大力监管下，存在环境安全隐患的酒店、餐厅等均已完成整改。,等,and so on; etc.; et al. / (used to end an enumeration) / (literary) (plural suffix attached to a personal pronoun or noun) / (bound form) class; rank; grade / (bound form) equal to; same as
在过去的一年里，我把每天练习汉字的习惯坚持下来了。,过去,(in the) past; former; previous
在这两天的赛场上，对面实力强大，调兵遣将游刃有余，相比起来，我们在女子项目上可与之匹敌，男双也有机会，但男单相对处于弱势。综上所述，赢下对方的困难不小，可他们碰见我们，心里未必就不发怵。,两,two / both / some / a few
在这两天的赛场上，对面实力强大，调兵遣将游刃有余，相比起来，我们在女子项目上可与之匹敌，男双也有机会，但男单相对处于弱势。综上所述，赢下对方的困难不小，可他们碰见我们，心里未必就不发怵。,之,it / him / her
在逆境下不气馁、不后悔，这才是强者该有的逻辑。体育比赛是这样，其他事情何尝不也是如此呢？,才,then and only then / just now / (before an expression of quantity) only
在逆境下不气馁、不后悔，这才是强者该有的逻辑。体育比赛是这样，其他事情何尝不也是如此呢？,该,should / ought to / must be / to deserve / to owe / to be sb's turn to do sth / probably
大卫参加了一场文化活动，体验了美食和音乐。,和,(joining two nouns) and; together with; with (Taiwan pr. [han4])
大家聊得正高兴，她却当着大家的面掉下泪来。,面,"face / side / surface / aspect / top / classifier for objects with flat surfaces such as drums, mirrors, flags etc"
大水靠在沙发上，一连打了好几个哈欠，困得睁不开眼。,打,"a semantically light, transitive verb that is combined with various grammatical objects to form compound verbs and verb-object phrases with a diverse range of meanings (e.g. 打傘|打伞[da3 san3] ""to hold an umbrella"", 打電話|打电话[da3 dian4 hua4] ""to make a phone call"", 打針|打针[da3 zhen1] ""to get an injection"", 打手套[da3 shou3 tao4] ""to knit gloves"", 打氣|打气[da3 qi4] ""to inflate"") / to hit; to strike / to fight"
她不会唱中文歌。,会,can; to have the skill; to know how to / to be likely to; to be sure to / to meet; to get together
她今天六点半就起床了。,点,(after a number) o'clock / classifier for small amounts / point; dot; spot; speck / point in time or space / a small amount; a bit; (after a verb or adjective) a bit more / (math.) decimal point / dot stroke in Chinese characters
她们团队克服重重困难和阻碍，出色地完成了艰巨的任务。,和,(joining two nouns) and; together with; with (Taiwan pr. [han4])
她只说了自己的名字，没说别的。,别,"(bound form) other; another; different / to leave; to part (from) / (literary) to differentiate; to distinguish / to fasten with a pin or clip / to stick in; to insert (in order to hinder movement) / (dialect) to turn away; to turn aside; to avert (one's face, gaze etc) / (noun suffix) category (as in 性別|性别[xing4 bie2], 派別|派别[pai4 bie2])"
她告诉我她和男友分手了，很痛苦。可我真的不知怎么办才好，只能不停地安慰她。,和,(joining two nouns) and; together with; with (Taiwan pr. [han4])
她告诉我她和男友分手了，很痛苦。可我真的不知怎么办才好，只能不停地安慰她。,才,then and only then / just now / (before an expression of quantity) only
她在那边等着呢，咱们走过去吧。,等,to wait for; to await / by the time; when; till
她这次考试没考好，整整哭了一天，别提多伤心了。,别,don't ...!
她长得很像她的姐姐，但两个人的性格却完全不同。,两,two / both / some / a few
好是它，坏也是它，你没有别的选择。,别,"(bound form) other; another; different / to leave; to part (from) / (literary) to differentiate; to distinguish / to fasten with a pin or clip / to stick in; to insert (in order to hinder movement) / (dialect) to turn away; to turn aside; to avert (one's face, gaze etc) / (noun suffix) category (as in 性別|性别[xing4 bie2], 派別|派别[pai4 bie2])"
如何才能在短期内较快地提高中文水平？,才,then and only then / just now / (before an expression of quantity) only
如果一个人的事业能够被社会所认可，那么这种感受是超越物质的。话是这么说，但谁不想拥有好的物质条件呢？,所,particle introducing a relative clause or passive / that which
如果你需要帮忙，就给我打电话。,打,"a semantically light, transitive verb that is combined with various grammatical objects to form compound verbs and verb-object phrases with a diverse range of meanings (e.g. 打傘|打伞[da3 san3] ""to hold an umbrella"", 打電話|打电话[da3 dian4 hua4] ""to make a phone call"", 打針|打针[da3 zhen1] ""to get an injection"", 打手套[da3 shou3 tao4] ""to knit gloves"", 打氣|打气[da3 qi4] ""to inflate"") / to hit; to strike / to fight"
如果这个关键技术问题得不到解决，公司的竞争力势必会受到影响。,会,to be likely to; to be sure to / can; to have the skill; to know how to / to meet; to get together
如果这则新闻的真实性得到确认，势必引起全社会的强烈反响。,则,classifier for written items
姐姐重我两公斤。,两,two / both / some / a few
姐姐，看你说到哪儿去了，这么见外，我们是一家人，我怎么会不尽全力帮你呢？,会,to be likely to; to be sure to / can; to have the skill; to know how to / to meet; to get together
孩子不能一个劲儿地闷头苦学，适当的休闲和锻炼都是很有必要的。,和,(joining two nouns) and; together with; with (Taiwan pr. [han4])
孩子们玩儿得忘了时间，直到天黑才回家。,才,then and only then / just now / (before an expression of quantity) only
孩子考试不及格，千万别这样训斥孩子：“你看你，就考这么点分。你看那谁谁谁，人家怎么就能考那么高的分呢？”,别,don't ...!
孩子考试不及格，千万别这样训斥孩子：“你看你，就考这么点分。你看那谁谁谁，人家怎么就能考那么高的分呢？”,点,a small amount; a bit; (after a verb or adjective) a bit more / classifier for small amounts / point; dot; spot; speck / point in time or space / (after a number) o'clock / (math.) decimal point / dot stroke in Chinese characters
客人大约下午两点到公司参观。,两,two / both / some / a few
客人大约下午两点到公司参观。,点,(after a number) o'clock / classifier for small amounts / point; dot; spot; speck / point in time or space / a small amount; a bit; (after a verb or adjective) a bit more / (math.) decimal point / dot stroke in Chinese characters
家长应尽早让孩子参与家务劳动，培养他们的责任感和自理能力。,和,(joining two nouns) and; together with; with (Taiwan pr. [han4])
对于学习成绩优秀的同学，学校每年都会提供奖学金。,会,to be likely to; to be sure to / can; to have the skill; to know how to / to meet; to get together
对于这个词，两本词典的解释稍有不同。,两,two / both / some / a few
对于这个词，两本词典的解释稍有不同。,本,"classifier for books, periodicals, files etc"
对这个孩子他实在没办法，打也打不得，说也说不得。,打,"to hit; to strike / to fight / a semantically light, transitive verb that is combined with various grammatical objects to form compound verbs and verb-object phrases with a diverse range of meanings (e.g. 打傘|打伞[da3 san3] ""to hold an umbrella"", 打電話|打电话[da3 dian4 hua4] ""to make a phone call"", 打針|打针[da3 zhen1] ""to get an injection"", 打手套[da3 shou3 tao4] ""to knit gloves"", 打氣|打气[da3 qi4] ""to inflate"")"
小夫妻俩决定婚礼一切从简，只摆几桌酒席，婚车和接亲环节一概取消。,和,(joining two nouns) and; together with; with (Taiwan pr. [han4])
小张刚毕业，社会经验不足，犯点错误也难免，你何苦为难她呢？,点,a small amount; a bit; (after a verb or adjective) a bit more / classifier for small amounts / point; dot; spot; speck / point in time or space / (after a number) o'clock / (math.) decimal point / dot stroke in Chinese characters
小张和女朋友小李已经订婚了，小李现在是张家的准媳妇。,和,(joining two nouns) and; together with; with (Taiwan pr. [han4])
小黄怎么也不会想到，这份就业协议把自己送上了法庭，赔了2万元“违约金”不说，还落得个“没有诚信”的名声。,会,to be likely to; to be sure to / can; to have the skill; to know how to / to meet; to get together
尽管每天细心照顾，可阳台上的花怎么都不开。,花,flower / blossom / fancy pattern / florid / (coll.) lecherous / lustful
已经十一点了，你该睡觉了。,点,(after a number) o'clock / classifier for small amounts / point; dot; spot; speck / point in time or space / a small amount; a bit; (after a verb or adjective) a bit more / (math.) decimal point / dot stroke in Chinese characters
已经十一点了，你该睡觉了。,该,should / ought to / must be / to deserve / to owe / to be sb's turn to do sth / probably
年轻人绝不应为了攀比和享乐而过度消费，甚至背上难以偿还的债务。,和,(joining two nouns) and; together with; with (Taiwan pr. [han4])
幸好你今天中午替我打了饭，不然我就只有挨饿的份了。,打,"a semantically light, transitive verb that is combined with various grammatical objects to form compound verbs and verb-object phrases with a diverse range of meanings (e.g. 打傘|打伞[da3 san3] ""to hold an umbrella"", 打電話|打电话[da3 dian4 hua4] ""to make a phone call"", 打針|打针[da3 zhen1] ""to get an injection"", 打手套[da3 shou3 tao4] ""to knit gloves"", 打氣|打气[da3 qi4] ""to inflate"") / to hit; to strike / to fight"
开学已经两个星期了。,两,two / both / some / a few
张校长的家离学校只有两公里，但是她长期住在学校，最长的一次竟有半年没回过家。,两,two / both / some / a few
当下的素质教育实践呈现出明显的形式化特征，以至于一些学校将活动课的数量作为衡量素质教育实施的指标，反而加重了学生负担。,作为,as (in the capacity of) / to act as / qua / to view as / to look upon (sth as) / to take sth to be
当被问及该片是否以悲剧结尾，女主表示已签署保密协议，对此无可奉告。,该,the above-mentioned / that
得了，别再想了，结果不可能改变了。,别,don't ...!
忽然，我听到一个声音说“小伙子，等一等”。,等,to wait for; to await / by the time; when; till
怎样才能学好中文呢？,才,then and only then / just now / (before an expression of quantity) only
怎样才能学好汉语呢？,才,then and only then / just now / (before an expression of quantity) only
成为母亲以后，我才明白教育孩子有多么不容易。,才,then and only then / just now / (before an expression of quantity) only
我一定得去问问，她这本书是在哪淘来的？不过话又说回来了，打听出来了又怎么样？反正已经被她买走了。,本,"classifier for books, periodicals, files etc"
我不光要学习中文，还要学习中国的历史和文化。,和,(joining two nouns) and; together with; with (Taiwan pr. [han4])
我不饿，你吃你的吧，不用等我。,等,to wait for; to await / by the time; when; till
我今天之所以放他一马，完全是看在你的面子上。,之,"(possessive particle, literary equivalent of 的[de5])"
我从来都不会后悔之前的决定，假使一切再从头来，结果也还是一样的。,会,to be likely to; to be sure to / can; to have the skill; to know how to / to meet; to get together
我以为两个孩子能一起好好玩儿，不料他俩刚一见面就吵起来了。,两,two / both / some / a few
我们从八点到十二点上课。,点,(after a number) o'clock / classifier for small amounts / point; dot; spot; speck / point in time or space / a small amount; a bit; (after a verb or adjective) a bit more / (math.) decimal point / dot stroke in Chinese characters
我们偶尔会一起出去玩儿，有时候看电影，有时候踢足球。,会,to be likely to; to be sure to / can; to have the skill; to know how to / to meet; to get together
我们十二点下课。,点,(after a number) o'clock / classifier for small amounts / point; dot; spot; speck / point in time or space / a small amount; a bit; (after a verb or adjective) a bit more / (math.) decimal point / dot stroke in Chinese characters
我们可以打车或/或者坐地铁去。,打,"a semantically light, transitive verb that is combined with various grammatical objects to form compound verbs and verb-object phrases with a diverse range of meanings (e.g. 打傘|打伞[da3 san3] ""to hold an umbrella"", 打電話|打电话[da3 dian4 hua4] ""to make a phone call"", 打針|打针[da3 zhen1] ""to get an injection"", 打手套[da3 shou3 tao4] ""to knit gloves"", 打氣|打气[da3 qi4] ""to inflate"") / to hit; to strike / to fight"
我们在路边等了很久，总算有位好心的司机让我们搭车回到了学校。,等,to wait for; to await / by the time; when; till
我们左一句、右一句地安慰，她才终于不哭了。,才,then and only then / just now / (before an expression of quantity) only
我们已经很长时间没见过面了。,面,"face / side / surface / aspect / top / classifier for objects with flat surfaces such as drums, mirrors, flags etc"
我们昨天打篮球打了一个下午。,打,"a semantically light, transitive verb that is combined with various grammatical objects to form compound verbs and verb-object phrases with a diverse range of meanings (e.g. 打傘|打伞[da3 san3] ""to hold an umbrella"", 打電話|打电话[da3 dian4 hua4] ""to make a phone call"", 打針|打针[da3 zhen1] ""to get an injection"", 打手套[da3 shou3 tao4] ""to knit gloves"", 打氣|打气[da3 qi4] ""to inflate"") / to hit; to strike / to fight"
我们村上了岁数的老人几乎都不会用智能手机，唯有老村长是个例外。,会,can; to have the skill; to know how to / to be likely to; to be sure to / to meet; to get together
我们班有三分之一的同学没去过长城。,之,"(possessive particle, literary equivalent of 的[de5])"
我们谨此向广大读者致以最诚挚的问候，感谢大家在过去的一年里对本刊的支持、鼓励和批评。,和,(joining two nouns) and; together with; with (Taiwan pr. [han4])
我们谨此向广大读者致以最诚挚的问候，感谢大家在过去的一年里对本刊的支持、鼓励和批评。,本,(bound form) this; the current (year etc) / originally; initially / (bound form) one's own; this / (bound form) root; stem / (bound form) origin; source / (bound form) original / (bound form) inherent / capital; principal
我们谨此向广大读者致以最诚挚的问候，感谢大家在过去的一年里对本刊的支持、鼓励和批评。,过去,(in the) past; former; previous
我会说中文。,会,can; to have the skill; to know how to / to be likely to; to be sure to / to meet; to get together
我会说英语、汉语、法语等很多种语言。,会,can; to have the skill; to know how to / to be likely to; to be sure to / to meet; to get together
我会说英语、汉语、法语等很多种语言。,等,and so on; etc.; et al. / (used to end an enumeration) / (literary) (plural suffix attached to a personal pronoun or noun) / (bound form) class; rank; grade / (bound form) equal to; same as
我会说英语，还会说汉语。,会,can; to have the skill; to know how to / to be likely to; to be sure to / to meet; to get together
我写完作业便和朋友一起出去玩儿了。,和,(joining two nouns) and; together with; with (Taiwan pr. [han4])
我吃了两个包子。,两,two / both / some / a few
我听见他的话后，吃惊地朝四周看了看，幸好附近无人，这才放了心。,才,then and only then / just now / (before an expression of quantity) only
我和他多年未见，本想留他多住几天，可他执意不肯，说是家中有事。,和,(joining two nouns) and; together with; with (Taiwan pr. [han4])
我和他多年未见，本想留他多住几天，可他执意不肯，说是家中有事。,本,originally; initially / (bound form) one's own; this / (bound form) this; the current (year etc) / (bound form) root; stem / (bound form) origin; source / (bound form) original / (bound form) inherent / capital; principal
我和他认识很多年了，因而很了解他的性格。,和,(joining two nouns) and; together with; with (Taiwan pr. [han4])
我和姐姐都喜欢唱歌。,和,(joining two nouns) and; together with; with (Taiwan pr. [han4])
我和我老公现在的状态是，只要我不主动和他说话，他也绝不会找我说话，老实说，有时候我觉得这样也挺好的，默契就行。,会,to be likely to; to be sure to / can; to have the skill; to know how to / to meet; to get together
我和我老公现在的状态是，只要我不主动和他说话，他也绝不会找我说话，老实说，有时候我觉得这样也挺好的，默契就行。,和,(joining two nouns) and; together with; with (Taiwan pr. [han4])
我和爸爸昨天第一次坐了过山车，那种体验，别提有多奇妙了。,别,don't ...!
我和爸爸昨天第一次坐了过山车，那种体验，别提有多奇妙了。,和,(joining two nouns) and; together with; with (Taiwan pr. [han4])
我哥哥不但会打篮球，而且打得很好。,会,can; to have the skill; to know how to / to be likely to; to be sure to / to meet; to get together
我哥哥不但会打篮球，而且打得很好。,打,"to hit; to strike / to fight / a semantically light, transitive verb that is combined with various grammatical objects to form compound verbs and verb-object phrases with a diverse range of meanings (e.g. 打傘|打伞[da3 san3] ""to hold an umbrella"", 打電話|打电话[da3 dian4 hua4] ""to make a phone call"", 打針|打针[da3 zhen1] ""to get an injection"", 打手套[da3 shou3 tao4] ""to knit gloves"", 打氣|打气[da3 qi4] ""to inflate"")"
我哥哥比我大两岁。,两,two / both / some / a few
我喜欢学习别的国家的语言和文化。,别,"(bound form) other; another; different / to leave; to part (from) / (literary) to differentiate; to distinguish / to fasten with a pin or clip / to stick in; to insert (in order to hinder movement) / (dialect) to turn away; to turn aside; to avert (one's face, gaze etc) / (noun suffix) category (as in 性別|性别[xing4 bie2], 派別|派别[pai4 bie2])"
我喜欢学习别的国家的语言和文化。,和,(joining two nouns) and; together with; with (Taiwan pr. [han4])
我在创作这幅作品时，是希望能够依靠背影去反映出人物的情绪和精神状态。至于这件作品的展出位置，在规划展厅布局时，就做了特别的安排。,和,(joining two nouns) and; together with; with (Taiwan pr. [han4])
我在网上买了两双鞋。,两,two / both / some / a few
我好不容易才获得这次面试机会，一定不会轻易放弃。,会,to be likely to; to be sure to / can; to have the skill; to know how to / to meet; to get together
我好不容易才获得这次面试机会，一定不会轻易放弃。,才,then and only then / just now / (before an expression of quantity) only
我学了两年中文了。,两,two / both / some / a few
我家院子里种着两棵苹果树。,两,two / both / some / a few
我对这本书的内容以及作者还不太了解，你能介绍一下吗？,本,"classifier for books, periodicals, files etc"
我就知道他肯定会答应的。,会,to be likely to; to be sure to / can; to have the skill; to know how to / to meet; to get together
我就要两斤苹果，不要别的。,两,two / both / some / a few
我就要两斤苹果，不要别的。,别,"(bound form) other; another; different / to leave; to part (from) / (literary) to differentiate; to distinguish / to fasten with a pin or clip / to stick in; to insert (in order to hinder movement) / (dialect) to turn away; to turn aside; to avert (one's face, gaze etc) / (noun suffix) category (as in 性別|性别[xing4 bie2], 派別|派别[pai4 bie2])"
我希望在提高中文水平的基础之上，能够学习一些专业知识。,之,"(possessive particle, literary equivalent of 的[de5])"
我平常要么点外卖，要么自己做，很少去食堂吃。,点,"to order (food etc); to select / to touch briefly; to tap / to mark with a dot; to check off (on a list) / to mention; to bring up (a topic or person) / to hint at; to imply / to administer (eye medicine etc) in drops / to light (a fire, a lamp etc); to ignite / to nod (one's head) in agreement; to beckon by moving (one's hand) up and down"
我开车去学校接你，你在门口等我就是了。,等,to wait for; to await / by the time; when; till
我当年一咬牙，花了三个月的工资买了这台洗衣机，你还别说，贵有贵的道理，这么多年它没出现过一次质量问题。,别,don't ...!
我当年一咬牙，花了三个月的工资买了这台洗衣机，你还别说，贵有贵的道理，这么多年它没出现过一次质量问题。,花,"to spend (money, time)"
我必须做完才能下班。,才,then and only then / just now / (before an expression of quantity) only
我想再买一本。,本,"classifier for books, periodicals, files etc"
我所做的一切，归根到底，不还是为了你吗？,所,that which / particle introducing a relative clause or passive
我才搬来北京，还不太习惯这里的生活,才,just now / then and only then / (before an expression of quantity) only
我打不开这瓶水，你能帮帮我吗？,打,"a semantically light, transitive verb that is combined with various grammatical objects to form compound verbs and verb-object phrases with a diverse range of meanings (e.g. 打傘|打伞[da3 san3] ""to hold an umbrella"", 打電話|打电话[da3 dian4 hua4] ""to make a phone call"", 打針|打针[da3 zhen1] ""to get an injection"", 打手套[da3 shou3 tao4] ""to knit gloves"", 打氣|打气[da3 qi4] ""to inflate"") / to hit; to strike / to fight"
我早上七点半才起床，差（一）点儿没迟到。,才,then and only then / just now / (before an expression of quantity) only
我早上七点半才起床，差（一）点儿没迟到。,点,(after a number) o'clock / classifier for small amounts / point; dot; spot; speck / point in time or space / a small amount; a bit; (after a verb or adjective) a bit more / (math.) decimal point / dot stroke in Chinese characters
我明天在大厅等你，咱们一同出发。,等,to wait for; to await / by the time; when; till
我最喜欢打篮球。,打,"a semantically light, transitive verb that is combined with various grammatical objects to form compound verbs and verb-object phrases with a diverse range of meanings (e.g. 打傘|打伞[da3 san3] ""to hold an umbrella"", 打電話|打电话[da3 dian4 hua4] ""to make a phone call"", 打針|打针[da3 zhen1] ""to get an injection"", 打手套[da3 shou3 tao4] ""to knit gloves"", 打氣|打气[da3 qi4] ""to inflate"") / to hit; to strike / to fight"
我有两个姐姐，还有一个哥哥。,两,two / both / some / a few
我本来以为父母会反对我留在中国，没想到他们竟然这么支持。,会,to be likely to; to be sure to / can; to have the skill; to know how to / to meet; to get together
我每天要上两节中文课，此外一周还要参加一次文化活动。,两,two / both / some / a few
我每天都给父母打电话，好让他们放心。,打,"a semantically light, transitive verb that is combined with various grammatical objects to form compound verbs and verb-object phrases with a diverse range of meanings (e.g. 打傘|打伞[da3 san3] ""to hold an umbrella"", 打電話|打电话[da3 dian4 hua4] ""to make a phone call"", 打針|打针[da3 zhen1] ""to get an injection"", 打手套[da3 shou3 tao4] ""to knit gloves"", 打氣|打气[da3 qi4] ""to inflate"") / to hit; to strike / to fight"
我每次回家，父母都会准备一桌子饭菜。,会,to be likely to; to be sure to / can; to have the skill; to know how to / to meet; to get together
我没和她一起去超市。,和,(joining two nouns) and; together with; with (Taiwan pr. [han4])
我现在已经不想再听你说什么豪言壮语了。倘若五年后你能混出点名堂，就当我今日有眼不识泰山。,点,a small amount; a bit; (after a verb or adjective) a bit more / classifier for small amounts / point; dot; spot; speck / point in time or space / (after a number) o'clock / (math.) decimal point / dot stroke in Chinese characters
我的导师在学术界和产业界都享有崇高的声望。,和,(joining two nouns) and; together with; with (Taiwan pr. [han4])
我的收入比去年提高了两倍。,两,two / both / some / a few
我看根本没必要追求完美，世界上不存在完美的人和事。,和,(joining two nouns) and; together with; with (Taiwan pr. [han4])
我看过陈刚写的诗，概括来说，给我留下了这样两点印象：第一，他的诗可谓大气磅礴；第二，他古典诗词方面的修养非常高。,两,two / both / some / a few
我看过陈刚写的诗，概括来说，给我留下了这样两点印象：第一，他的诗可谓大气磅礴；第二，他古典诗词方面的修养非常高。,点,point; dot; spot; speck / classifier for small amounts / point in time or space / (after a number) o'clock / a small amount; a bit; (after a verb or adjective) a bit more / (math.) decimal point / dot stroke in Chinese characters
我等了她一个多小时。,等,to wait for; to await / by the time; when; till
我经常给爸爸妈妈打电话。,打,"a semantically light, transitive verb that is combined with various grammatical objects to form compound verbs and verb-object phrases with a diverse range of meanings (e.g. 打傘|打伞[da3 san3] ""to hold an umbrella"", 打電話|打电话[da3 dian4 hua4] ""to make a phone call"", 打針|打针[da3 zhen1] ""to get an injection"", 打手套[da3 shou3 tao4] ""to knit gloves"", 打氣|打气[da3 qi4] ""to inflate"") / to hit; to strike / to fight"
我被他对文学的热爱和执着深深地打动了，乃至我回去之后还不能平静。,和,(joining two nouns) and; together with; with (Taiwan pr. [han4])
我要一碗面条和一碗米饭。,和,(joining two nouns) and; together with; with (Taiwan pr. [han4])
我这两天工作压力比较大，晚上一直半睡半醒，第二天精神很差。,两,a few / two / both / some
我这两天很忙，没来得及考虑这个问题。,两,a few / two / both / some
我那时正为找房子发愁，碰巧有个同学租的两居室空出了一个房间，我就搬过去住了。,两,two / both / some / a few
我那时正为找房子发愁，碰巧有个同学租的两居室空出了一个房间，我就搬过去住了。,过去,to go over; to pass by
所谓绒面涂料，就是视觉效果一流，又不会引发眩晕，触感柔软而有弹性的新型装饰材料。,会,to be likely to; to be sure to / can; to have the skill; to know how to / to meet; to get together
所谓绒面涂料，就是视觉效果一流，又不会引发眩晕，触感柔软而有弹性的新型装饰材料。,面,"surface / face / side / aspect / top / classifier for objects with flat surfaces such as drums, mirrors, flags etc"
所谓难得糊涂，并非是对生活的无奈妥协，而是一种张弛有度的处世之道。,之,"(possessive particle, literary equivalent of 的[de5])"
手机也好，电脑也好，长时间使用都会造成眼睛疲劳。,会,to be likely to; to be sure to / can; to have the skill; to know how to / to meet; to get together
打归打，骂归骂，父母永远是最疼你的人。,打,"to hit; to strike / to fight / a semantically light, transitive verb that is combined with various grammatical objects to form compound verbs and verb-object phrases with a diverse range of meanings (e.g. 打傘|打伞[da3 san3] ""to hold an umbrella"", 打電話|打电话[da3 dian4 hua4] ""to make a phone call"", 打針|打针[da3 zhen1] ""to get an injection"", 打手套[da3 shou3 tao4] ""to knit gloves"", 打氣|打气[da3 qi4] ""to inflate"")"
打这天起，小赵替父亲担起了全家的重担。,打,"(coll.) from; since (as in 打那以後|打那以后[da3 na4 yi3 hou4] ""since then"")"
择回乡工作。年轻人的私事，按说我不该多问，可是既然影响到了工作，我就不能不问一问了。 养护工人对园内种植的一草一木百般呵护，定时浇水、悉心修剪。,该,should / ought to / must be / to deserve / to owe / to be sb's turn to do sth / probably
排练时需要的演员比实际演出的时候要多一些，一则考察演员的表现，不合适的话就换掉；二则可以相互提出意见，完善表演；三则不上场的演员也可以做一些剧务工作。,则,(literary) (conjunction used to express contrast with a previous clause) but; then / (bound form) standard; norm / (bound form) principle / (literary) to imitate; to follow
提起朝阳，人们往往会想到北京的朝阳区。然而我们今日前往参观的此“朝阳”非彼“朝阳”，乃是被誉为“三燕古都”的辽宁省朝阳市。,会,to be likely to; to be sure to / can; to have the skill; to know how to / to meet; to get together
提起朝阳，人们往往会想到北京的朝阳区。然而我们今日前往参观的此“朝阳”非彼“朝阳”，乃是被誉为“三燕古都”的辽宁省朝阳市。,省,province / provincial capital / a ministry (of the Japanese government)
放心，我一定不会迟到。,会,to be likely to; to be sure to / can; to have the skill; to know how to / to meet; to get together
整场比赛的战术执行得几乎无懈可击，对手在我方的猛烈进攻和严密防守下竟一分未得。,和,(joining two nouns) and; together with; with (Taiwan pr. [han4])
新产品已经开始生产了，至于销售时间和价格，现在还不能确定。,和,(joining two nouns) and; together with; with (Taiwan pr. [han4])
新型钛合金门窗不仅美观大方，而且在使用寿命方面也远远优于铁窗和铝合金门窗。,和,(joining two nouns) and; together with; with (Taiwan pr. [han4])
新技术的引入，一举解决了公司长期以来成本过高、产能不足等多项难题。,等,and so on; etc.; et al. / (used to end an enumeration) / (literary) (plural suffix attached to a personal pronoun or noun) / (bound form) class; rank; grade / (bound form) equal to; same as
新时代农民的价值观、消费观、审美观都和以往有了很大的不同。,和,(joining two nouns) and; together with; with (Taiwan pr. [han4])
新电脑、老师的书、火车票、一个男孩、两条、这间,两,two / both / some / a few
无论【】平时工作多忙，【】回家多晚，王和平都会非常认真地检查孩子的作业。,会,to be likely to; to be sure to / can; to have the skill; to know how to / to meet; to get together
无论你同意与否，他都会按自己的计划去处理这件事的。,会,to be likely to; to be sure to / can; to have the skill; to know how to / to meet; to get together
时间不一会儿就过去了。,过去,to go over; to pass by
星期六的晚上，我喜欢和朋友们一起唱唱歌，跳跳舞。,和,(joining two nouns) and; together with; with (Taiwan pr. [han4])
昨天学习的生词和语法我已经全记住了。,和,(joining two nouns) and; together with; with (Taiwan pr. [han4])
昨天我才发现新来的同事居然是我的邻居。,才,then and only then / just now / (before an expression of quantity) only
昨天那场比赛才精彩呢！,才,then and only then / just now / (before an expression of quantity) only
最近他东一本，西一本地看了不少书。,本,"classifier for books, periodicals, files etc"
有些家庭条件好的孩子之所以会养成一些不良习惯，完全是父母一手造成的。,之,"(possessive particle, literary equivalent of 的[de5])"
有些家庭条件好的孩子之所以会养成一些不良习惯，完全是父母一手造成的。,会,to be likely to; to be sure to / can; to have the skill; to know how to / to meet; to get together
有研究表明，长期坚持有氧运动的人心肺功能会得到明显提升，一些疾病也会不治而愈。,会,to be likely to; to be sure to / can; to have the skill; to know how to / to meet; to get together
有钱就一定会幸福吗？那也未必。,会,to be likely to; to be sure to / can; to have the skill; to know how to / to meet; to get together
望着孩子们拿到爱心图书时激动的神情，我心中涌起了强烈的幸福和满足，莫非这就是所谓的“赠人玫瑰，手有余香”？,和,(joining two nouns) and; together with; with (Taiwan pr. [han4])
未经商标注册人许可，任何组织和个人均不得擅自将该商标用于同类商品上。,和,(joining two nouns) and; together with; with (Taiwan pr. [han4])
未经商标注册人许可，任何组织和个人均不得擅自将该商标用于同类商品上。,该,the above-mentioned / that
本公司的产品多年来广为消费者称赞。,本,(bound form) one's own; this / originally; initially / (bound form) this; the current (year etc) / (bound form) root; stem / (bound form) origin; source / (bound form) original / (bound form) inherent / capital; principal
本协议在履行过程中，如若发生未曾约定的情况，届时由双方共同友好商定。,本,(bound form) one's own; this / originally; initially / (bound form) this; the current (year etc) / (bound form) root; stem / (bound form) origin; source / (bound form) original / (bound form) inherent / capital; principal
本月产品销量较上月增长百分之十五。,之,"(possessive particle, literary equivalent of 的[de5])"
本月产品销量较上月增长百分之十五。,本,(bound form) this; the current (year etc) / originally; initially / (bound form) one's own; this / (bound form) root; stem / (bound form) origin; source / (bound form) original / (bound form) inherent / capital; principal
本次列车开往北京西站。,本,(bound form) this; the current (year etc) / originally; initially / (bound form) one's own; this / (bound form) root; stem / (bound form) origin; source / (bound form) original / (bound form) inherent / capital; principal
本次列车开往北京西站。,站,station / branch of a company or organization / website
本规定自明日起正式实施。,本,(bound form) one's own; this / originally; initially / (bound form) this; the current (year etc) / (bound form) root; stem / (bound form) origin; source / (bound form) original / (bound form) inherent / capital; principal
本课程由理论学习和实践操作两部分内容组成。,两,two / both / some / a few
本课程由理论学习和实践操作两部分内容组成。,和,(joining two nouns) and; together with; with (Taiwan pr. [han4])
本课程由理论学习和实践操作两部分内容组成。,本,(bound form) one's own; this / originally; initially / (bound form) this; the current (year etc) / (bound form) root; stem / (bound form) origin; source / (bound form) original / (bound form) inherent / capital; principal
本课程采用专题式的教学方法，每课介绍一个专题。,本,(bound form) one's own; this / originally; initially / (bound form) this; the current (year etc) / (bound form) root; stem / (bound form) origin; source / (bound form) original / (bound form) inherent / capital; principal
权利与义务犹如一枚硬币的两面，相互依存，密不可分。,两,two / both / some / a few
权利与义务犹如一枚硬币的两面，相互依存，密不可分。,面,"side / face / surface / aspect / top / classifier for objects with flat surfaces such as drums, mirrors, flags etc"
村落被青山绿水环绕，尽是些古朴的瓦房和雅致的石桥，没有丝毫现代化的气息，却添了几分宁静与幽然。,和,(joining two nouns) and; together with; with (Taiwan pr. [han4])
来中国以前，我一句汉语也不会说。,会,can; to have the skill; to know how to / to be likely to; to be sure to / to meet; to get together
桌子上有一本中文书。,本,"classifier for books, periodicals, files etc"
桌子上有几本书？,本,"classifier for books, periodicals, files etc"
此次比赛设有一、二、三等奖及优秀奖。凡获奖者均颁发荣誉证书。,等,(bound form) class; rank; grade / and so on; etc.; et al. / (used to end an enumeration) / (literary) (plural suffix attached to a personal pronoun or noun) / (bound form) equal to; same as
母亲望着怀中脸烧得通红的孩子，心疼不已，宁可病都生在自己身上。,生,to grow / to be born / to give birth / life / student
每周末，我们或者踢足球，或者打篮球。,打,"a semantically light, transitive verb that is combined with various grammatical objects to form compound verbs and verb-object phrases with a diverse range of meanings (e.g. 打傘|打伞[da3 san3] ""to hold an umbrella"", 打電話|打电话[da3 dian4 hua4] ""to make a phone call"", 打針|打针[da3 zhen1] ""to get an injection"", 打手套[da3 shou3 tao4] ""to knit gloves"", 打氣|打气[da3 qi4] ""to inflate"") / to hit; to strike / to fight"
每当攻克一个技术难题后，他不喜和别人一起庆功，宁愿一个人暗自回味。,和,(joining two nouns) and; together with; with (Taiwan pr. [han4])
气象局在暴雨来临前，通过网络、电视、广播等多种媒介，即时发布有关暴雨的预警信号。,等,and so on; etc.; et al. / (used to end an enumeration) / (literary) (plural suffix attached to a personal pronoun or noun) / (bound form) class; rank; grade / (bound form) equal to; same as
水稻是世界上分布最广泛的粮食作物之一，其种植面积仅次于小麦。,之,"(possessive particle, literary equivalent of 的[de5])"
没有取得理想结果，他未免有些沮丧，此时最需要的是鼓励和安慰。,和,(joining two nouns) and; together with; with (Taiwan pr. [han4])
法制组调查组赴广东省多地，对招商引资工作进行了深入调研。总的来说，工作取得了不小的成就，但也暴露出了若干具体问题。,省,province / provincial capital / a ministry (of the Japanese government)
法官必须具有超乎寻常的耐心和细心，才能办好每一宗案件。,和,(joining two nouns) and; together with; with (Taiwan pr. [han4])
法官必须具有超乎寻常的耐心和细心，才能办好每一宗案件。,才,then and only then / just now / (before an expression of quantity) only
活动还没开始，教室里就坐满了人，甚至还有人站在后面。,站,to stand / to halt / to stop
消费者最怕的就是上当受骗，买到假冒伪劣商品，钱花了不说，还弄了一肚子气。,花,"to spend (money, time)"
游客因擅自参加高危活动所造成的人身和财产损失，本旅行社概不负责。,和,(joining two nouns) and; together with; with (Taiwan pr. [han4])
游客因擅自参加高危活动所造成的人身和财产损失，本旅行社概不负责。,所,particle introducing a relative clause or passive / that which
游客因擅自参加高危活动所造成的人身和财产损失，本旅行社概不负责。,本,(bound form) one's own; this / originally; initially / (bound form) this; the current (year etc) / (bound form) root; stem / (bound form) origin; source / (bound form) original / (bound form) inherent / capital; principal
父母过分关注孩子的一举一动，会对孩子的成长起到反作用。,会,to be likely to; to be sure to / can; to have the skill; to know how to / to meet; to get together
王安忆对上海人的观察和描写非常细腻，可谓“入木三分”。,和,(joining two nouns) and; together with; with (Taiwan pr. [han4])
王经理正在培训这批新员工。,批,"classifier for batches, lots, military flights / tier (for the ranking of universities and colleges)"
王老师在/正在打电话呢。,打,"a semantically light, transitive verb that is combined with various grammatical objects to form compound verbs and verb-object phrases with a diverse range of meanings (e.g. 打傘|打伞[da3 san3] ""to hold an umbrella"", 打電話|打电话[da3 dian4 hua4] ""to make a phone call"", 打針|打针[da3 zhen1] ""to get an injection"", 打手套[da3 shou3 tao4] ""to knit gloves"", 打氣|打气[da3 qi4] ""to inflate"") / to hit; to strike / to fight"
现在不愿意花时间练习写汉字，你将来也许会后悔的。,会,to be likely to; to be sure to / can; to have the skill; to know how to / to meet; to get together
现在不愿意花时间练习写汉字，你将来也许会后悔的。,花,"to spend (money, time)"
现在八点一刻。,点,(after a number) o'clock / classifier for small amounts / point; dot; spot; speck / point in time or space / a small amount; a bit; (after a verb or adjective) a bit more / (math.) decimal point / dot stroke in Chinese characters
现在八点二十分。,点,(after a number) o'clock / classifier for small amounts / point; dot; spot; speck / point in time or space / a small amount; a bit; (after a verb or adjective) a bit more / (math.) decimal point / dot stroke in Chinese characters
现在几点？,点,(after a number) o'clock / classifier for small amounts / point; dot; spot; speck / point in time or space / a small amount; a bit; (after a verb or adjective) a bit more / (math.) decimal point / dot stroke in Chinese characters
现在十二点半。,点,(after a number) o'clock / classifier for small amounts / point; dot; spot; speck / point in time or space / a small amount; a bit; (after a verb or adjective) a bit more / (math.) decimal point / dot stroke in Chinese characters
现在堵车，打车不如坐地铁快。,打,"a semantically light, transitive verb that is combined with various grammatical objects to form compound verbs and verb-object phrases with a diverse range of meanings (e.g. 打傘|打伞[da3 san3] ""to hold an umbrella"", 打電話|打电话[da3 dian4 hua4] ""to make a phone call"", 打針|打针[da3 zhen1] ""to get an injection"", 打手套[da3 shou3 tao4] ""to knit gloves"", 打氣|打气[da3 qi4] ""to inflate"") / to hit; to strike / to fight"
现在很多公交车驾驶座旁安装了包围门，保证司机专注开车。话说回来，司机安全驾驶，乘客才能安全到站。,才,then and only then / just now / (before an expression of quantity) only
现在很多公交车驾驶座旁安装了包围门，保证司机专注开车。话说回来，司机安全驾驶，乘客才能安全到站。,站,station / branch of a company or organization / website
现在这个时代，你不但可以进行传统的阅读自学，还可以在网络上参加正规大学开设的慕课，学习之后甚至能获得学分认定。总而言之，一个有志于学习的人，肯定能够找到适合自己的学习之路，从而走上精彩的人生之路。,之,"(possessive particle, literary equivalent of 的[de5])"
现场所有的粉丝们都在拼命鼓掌、尖叫，气氛热烈极了！,粉丝,"fan; enthusiast for sb or sth (loanword from ""fans"")"
甘草i于亚欧大陆的中国北部、蒙古、俄罗斯西伯利亚地区、哈萨克斯坦、巴基斯坦等地都有分布，Øi在中国具体分布于东北、华北、西北等地。甘草i喜光照充足、干燥少雨、冬夏分明以及昼夜温差大的环境，甘草i具有喜光、耐旱、耐热、耐寒及耐盐碱等特性。,等,and so on; etc.; et al. / (used to end an enumeration) / (literary) (plural suffix attached to a personal pronoun or noun) / (bound form) class; rank; grade / (bound form) equal to; same as
生态经济学认为，一切经济活动都是在一定的生态经济系统中进行的。它是由生态系统和经济系统两个子系统有机结合形成的。经济活动不单在经济系统中进行，同时也在生态系统中运行。也就是说，同时要受经济规律和生态规律的双重制约。有的地区比其他地区发展得好、前景也更广阔，关键就在于主政者能够不但遵循商业经营规律，同时也满足生态平衡的自然规律要求。综上所述，创造经济效益、增强地区的竞争力与可持续发展密不可分，关键之处是人类是否在合理地利用资源、是否在改善和保护环境。,两,two / both / some / a few
生态经济学认为，一切经济活动都是在一定的生态经济系统中进行的。它是由生态系统和经济系统两个子系统有机结合形成的。经济活动不单在经济系统中进行，同时也在生态系统中运行。也就是说，同时要受经济规律和生态规律的双重制约。有的地区比其他地区发展得好、前景也更广阔，关键就在于主政者能够不但遵循商业经营规律，同时也满足生态平衡的自然规律要求。综上所述，创造经济效益、增强地区的竞争力与可持续发展密不可分，关键之处是人类是否在合理地利用资源、是否在改善和保护环境。,之,"(possessive particle, literary equivalent of 的[de5])"
生态经济学认为，一切经济活动都是在一定的生态经济系统中进行的。它是由生态系统和经济系统两个子系统有机结合形成的。经济活动不单在经济系统中进行，同时也在生态系统中运行。也就是说，同时要受经济规律和生态规律的双重制约。有的地区比其他地区发展得好、前景也更广阔，关键就在于主政者能够不但遵循商业经营规律，同时也满足生态平衡的自然规律要求。综上所述，创造经济效益、增强地区的竞争力与可持续发展密不可分，关键之处是人类是否在合理地利用资源、是否在改善和保护环境。,和,(joining two nouns) and; together with; with (Taiwan pr. [han4])
由于身体抱恙，她一度放弃歌唱事业。后来在家人的支持下，她再度鼓起勇气，站上舞台。,站,to stand / to halt / to stop
电影艺术的教育作用，在于将人物的境遇、所作的斗争以及内心活动、思想感情传递给观众并为其所理解，从而激起共情。简而言之，就是能否动之以情。,之,him / her / it
电影艺术的教育作用，在于将人物的境遇、所作的斗争以及内心活动、思想感情传递给观众并为其所理解，从而激起共情。简而言之，就是能否动之以情。,所,particle introducing a relative clause or passive / that which
真对不起，我不是故意的，你千万别生气。,别,don't ...!
睡觉前别忘记吃药。,别,don't ...!
研究者在选择研究课题时，不能刻意去赶时髦，盲目跟风，而应结合自己的知识结构和研究兴趣。,和,(joining two nouns) and; together with; with (Taiwan pr. [han4])
科研和科普是两码事。杰出的科学家未必能写出好的科普作品，优秀的科普作家也不一定能做好科研工作。,两,two / both / some / a few
科研和科普是两码事。杰出的科学家未必能写出好的科普作品，优秀的科普作家也不一定能做好科研工作。,和,(joining two nouns) and; together with; with (Taiwan pr. [han4])
科研和科普是两码事。杰出的科学家未必能写出好的科普作品，优秀的科普作家也不一定能做好科研工作。,码,"classifier for matters, items, situations etc (esp. when indicating whether they are the same or different, as in 不是一碼事|不是一码事[bu4 shi4 yi1 ma3 shi4] ""not the same thing"") / (clothing) size / yard (unit of length) / number / (computing) code / (bound form) standard weight used with a balance scale / (archaic) agate / (coll.) kilometers per hour (informal misuse of ""yard"" to mean kph in speed references) / (Tw, HK) (finance) unit of 25 basis points (i.e. a 0.25% change in interest rate)"
站在广场的中心位置，向东望去，1号展馆坐落于馆区主轴线上。其南北分别为2、3号展馆。三个展馆从远处看排成一条线，十分整齐。绕过三馆，背后是4、5号展馆，分别位于2、3号馆的东侧，两馆皆为东西走向，共同构成环湖之势。,两,both / two / some / a few
站在广场的中心位置，向东望去，1号展馆坐落于馆区主轴线上。其南北分别为2、3号展馆。三个展馆从远处看排成一条线，十分整齐。绕过三馆，背后是4、5号展馆，分别位于2、3号馆的东侧，两馆皆为东西走向，共同构成环湖之势。,之,"(possessive particle, literary equivalent of 的[de5])"
站在广场的中心位置，向东望去，1号展馆坐落于馆区主轴线上。其南北分别为2、3号展馆。三个展馆从远处看排成一条线，十分整齐。绕过三馆，背后是4、5号展馆，分别位于2、3号馆的东侧，两馆皆为东西走向，共同构成环湖之势。,站,to stand / to halt / to stop
站在慕田峪长城的高处看去，只见长城宛如一条曲折蜿蜒的巨龙，气势丝毫不亚于八达岭长城。,站,to stand / to halt / to stop
站得高看得远。,站,to stand / to halt / to stop
第一本是我的书，第二本是她的书。,本,"classifier for books, periodicals, files etc"
等我们赶到车站，火车已经开走了。,等,by the time; when; till / to wait for; to await
等我写完作业，咱们一起去踢足球。,等,by the time; when; till / to wait for; to await
纵然无人为他加油喝彩，他最终也还是夺取了本站比赛的冠军。,本,(bound form) this; the current (year etc) / originally; initially / (bound form) one's own; this / (bound form) root; stem / (bound form) origin; source / (bound form) original / (bound form) inherent / capital; principal
纵然无人为他加油喝彩，他最终也还是夺取了本站比赛的冠军。,站,station / branch of a company or organization / website
经过一天的长途旅行，大家都很累，一上车就纷纷睡过去了。,过去,to go over; to pass by
经过初赛、复赛和决赛，大赛产生了“十佳歌手”和若干“优秀歌手”。,和,(joining two nouns) and; together with; with (Taiwan pr. [han4])
综合来看，外语学习的动机无非两种：融合型动机和工具型动机。,两,two / both / some / a few
综合来看，外语学习的动机无非两种：融合型动机和工具型动机。,和,(joining two nouns) and; together with; with (Taiwan pr. [han4])
置身湟川三峡，你可以同时欣赏到险峻雄伟的悬崖绝壁和深邃秀美的青山碧水，难怪这里被誉为“岭南诗画走廊”。,和,(joining two nouns) and; together with; with (Taiwan pr. [han4])
老人沿着墙边种了很多花。,花,flower / blossom / fancy pattern / florid / (coll.) lecherous / lustful
老刘，不瞒你说，那次去你家吃饭，我到得早，你不在屋子里，桌上放着白菜炖五花肉，我就恨不得先吃两块解解馋。,两,two / both / some / a few
老师听写了二十个汉字，每个汉字零点五分，一共十分。,点,(math.) decimal point / classifier for small amounts / point; dot; spot; speck / point in time or space / (after a number) o'clock / a small amount; a bit; (after a verb or adjective) a bit more / dot stroke in Chinese characters
老师给我一本书。,本,"classifier for books, periodicals, files etc"
考生入场后对号入座，将准考证和有效身份证件放在桌子右上角，以备监考员逐一核查。,和,(joining two nouns) and; together with; with (Taiwan pr. [han4])
肺肉瘤样癌是一种罕见的肺癌，因其症状、体征缺乏特异性，常需术后活检才能确诊，故明确诊断较难。,才,then and only then / just now / (before an expression of quantity) only
自从和丈夫离了婚，她一个人去了很多地方旅行。,和,(joining two nouns) and; together with; with (Taiwan pr. [han4])
自从进入大学，每次与就业有关的讲座他都会参加。,会,to be likely to; to be sure to / can; to have the skill; to know how to / to meet; to get together
苏州有一对老夫妻，子女们平日里各为自己的一摊事忙活，只有节假日才有机会团聚。,才,then and only then / just now / (before an expression of quantity) only
若是家长不给买玩具，“小皇帝”便会大哭大闹，非得把玩具弄到手才罢休。,会,to be likely to; to be sure to / can; to have the skill; to know how to / to meet; to get together
若是家长不给买玩具，“小皇帝”便会大哭大闹，非得把玩具弄到手才罢休。,才,then and only then / just now / (before an expression of quantity) only
荆门为荆楚文化发祥地之一，文化底蕴深厚，历史古迹遍地皆是。,之,"(possessive particle, literary equivalent of 的[de5])"
虽然【】没有得到为国家献身的机会，但也一直做好了准备；如果到了那一天，汪昌绪绝对丝毫不会犹豫。,会,to be likely to; to be sure to / can; to have the skill; to know how to / to meet; to get together
虽然你们私交很好，但工作上的事情还是应该一码归一码，公事公办。,码,"classifier for matters, items, situations etc (esp. when indicating whether they are the same or different, as in 不是一碼事|不是一码事[bu4 shi4 yi1 ma3 shi4] ""not the same thing"") / (clothing) size / yard (unit of length) / number / (computing) code / (bound form) standard weight used with a balance scale / (archaic) agate / (coll.) kilometers per hour (informal misuse of ""yard"" to mean kph in speed references) / (Tw, HK) (finance) unit of 25 basis points (i.e. a 0.25% change in interest rate)"
虽然学习汉语不容易，但是我一定会坚持下去。,会,to be likely to; to be sure to / can; to have the skill; to know how to / to meet; to get together
虽然我和小孙素日关系更近，但本着实事求是的态度，我还是把票投给了小魏。,和,(joining two nouns) and; together with; with (Taiwan pr. [han4])
虽说“豪华型”大客车带有卧铺，但路况不好，一路颠簸。坐在这种车上，想打个盹常常都不容易，更不用说睡个安稳觉了。,打,"a semantically light, transitive verb that is combined with various grammatical objects to form compound verbs and verb-object phrases with a diverse range of meanings (e.g. 打傘|打伞[da3 san3] ""to hold an umbrella"", 打電話|打电话[da3 dian4 hua4] ""to make a phone call"", 打針|打针[da3 zhen1] ""to get an injection"", 打手套[da3 shou3 tao4] ""to knit gloves"", 打氣|打气[da3 qi4] ""to inflate"") / to hit; to strike / to fight"
虽说我的身体不好，但我并不会放弃一直以来的理想。,会,to be likely to; to be sure to / can; to have the skill; to know how to / to meet; to get together
要想练就一手好的毛笔字，非得花十年甚至数十年功夫不可。,花,"to spend (money, time)"
要是我能想到别的办法，何至于来叨扰您呢？,别,"(bound form) other; another; different / to leave; to part (from) / (literary) to differentiate; to distinguish / to fasten with a pin or clip / to stick in; to insert (in order to hinder movement) / (dialect) to turn away; to turn aside; to avert (one's face, gaze etc) / (noun suffix) category (as in 性別|性别[xing4 bie2], 派別|派别[pai4 bie2])"
论坛期间，各国专家就共同感兴趣的专题进行了探讨和交流。,和,(joining two nouns) and; together with; with (Taiwan pr. [han4])
该体制的优点是灾害响应速度快，处理突发情况效率高；缺点是不利于整合地方力量，也不利于平日村民自救意识的提高。,该,the above-mentioned / that
该歌手的演唱会门票，每张均以高价售出，但其表演水平并不高，观众看后大为不满。,该,the above-mentioned / that
该片剧情严谨，全员演技在线，真乃一部不可多得的佳作。,该,the above-mentioned / that
该睡觉了，快把你的玩具收拾起来。,该,should / ought to / must be / to deserve / to owe / to be sb's turn to do sth / probably
该项目的延期是由多重原因所导致的，包括预算不足、人员短缺等。,所,particle introducing a relative clause or passive / that which
该项目的延期是由多重原因所导致的，包括预算不足、人员短缺等。,等,and so on; etc.; et al. / (used to end an enumeration) / (literary) (plural suffix attached to a personal pronoun or noun) / (bound form) class; rank; grade / (bound form) equal to; same as
该项目的延期是由多重原因所导致的，包括预算不足、人员短缺等。,该,the above-mentioned / that
说不定路上堵车，再等一会儿吧。,等,to wait for; to await / by the time; when; till
说到精彩之处，他有意不往下讲，吊足了大家的胃口。,之,"(possessive particle, literary equivalent of 的[de5])"
请大家尽量在本周五提交论文。,本,(bound form) this; the current (year etc) / originally; initially / (bound form) one's own; this / (bound form) root; stem / (bound form) origin; source / (bound form) original / (bound form) inherent / capital; principal
请您在这儿稍等一下，王经理马上就到。,等,to wait for; to await / by the time; when; till
请等一下，我马上来。,等,to wait for; to await / by the time; when; till
读书笔记要精炼，要根据实际的阅读进度，总结概括，并体现所思所想。篇幅可长可短，决不写空话、假话、应付的话。,所,that which / particle introducing a relative clause or passive
读完这本书，他对中国历史更加感兴趣了。,本,"classifier for books, periodicals, files etc"
课后一定要经常复习，否则很快就会忘记。,会,to be likely to; to be sure to / can; to have the skill; to know how to / to meet; to get together
课文有点儿难，我读了三遍才明白。,才,then and only then / just now / (before an expression of quantity) only
豆腐皮包肉的制作程序如下：取豆腐皮一袋用温水泡软，切成两个饺子皮大小的方块备用。将肉末用姜末、葱花、盐、味精、鸡蛋和好，再将几只冬菇泡软、切碎，放入肉末中拌匀。,两,two / both / some / a few
超强台风将在浦东登陆，为安全起见，长三角地区部分列车会临时停运。,会,to be likely to; to be sure to / can; to have the skill; to know how to / to meet; to get together
跟去年相比，今年游客的数量减少了百分之二十。,之,"(possessive particle, literary equivalent of 的[de5])"
跟过去相比，这里确实发生了巨大的变化。,过去,(in the) past; former; previous
车祸发生后，他急忙打电话叫救护车。,打,"a semantically light, transitive verb that is combined with various grammatical objects to form compound verbs and verb-object phrases with a diverse range of meanings (e.g. 打傘|打伞[da3 san3] ""to hold an umbrella"", 打電話|打电话[da3 dian4 hua4] ""to make a phone call"", 打針|打针[da3 zhen1] ""to get an injection"", 打手套[da3 shou3 tao4] ""to knit gloves"", 打氣|打气[da3 qi4] ""to inflate"") / to hit; to strike / to fight"
过于追求完美反而会让人总是对现状不满意。,会,to be likely to; to be sure to / can; to have the skill; to know how to / to meet; to get together
过去驾驶证补换需前往车管所办理，现在在网上提交信息后即可就近领取。,过去,(in the) past; former; previous
近年来，两国战略沟通合作日益密切，兄弟情谊愈加深厚。,两,two / both / some / a few
这一辈子，或饱经挫折，或一帆风顺。受挫折的，心性会得到磨炼，总是处于顺境的，往往思想单纯。,会,to be likely to; to be sure to / can; to have the skill; to know how to / to meet; to get together
这两个词意思差不多，如果不知道它们的区别，往往容易用错。,两,two / both / some / a few
这个城市一共有三所大学。,所,"classifier for houses, small buildings, institutions etc / place / actually"
这么晚了，看来他今天不会来了。,会,to be likely to; to be sure to / can; to have the skill; to know how to / to meet; to get together
这事儿已经过去了，没什么好纠结的，人得往前看。,过去,to go over; to pass by
这些文件对于公司至关重要，你可千万别弄丢啦！,别,don't ...!
这些旧书才卖了二十多块钱。,才,(before an expression of quantity) only / then and only then / just now
这些旧衣服扔掉算了，反正也不会再穿了。,会,to be likely to; to be sure to / can; to have the skill; to know how to / to meet; to get together
这些菜我都没吃过，还是你点吧。,点,"to order (food etc); to select / to touch briefly; to tap / to mark with a dot; to check off (on a list) / to mention; to bring up (a topic or person) / to hint at; to imply / to administer (eye medicine etc) in drops / to light (a fire, a lamp etc); to ignite / to nod (one's head) in agreement; to beckon by moving (one's hand) up and down"
这件事已经过去五年了。,过去,to go over; to pass by
这件衣服的刺绣工艺异常复杂，单是绣一朵花就需要花费数月乃至一年的时间。,花,flower / blossom / fancy pattern / florid / (coll.) lecherous / lustful
这会儿路上堵车，一来一回至少需要两个小时。,两,two / both / some / a few
这名教授在职称晋升后，不顾尚未履行完毕的人事合同，连招呼都不打，直接不辞而别。,打,"a semantically light, transitive verb that is combined with various grammatical objects to form compound verbs and verb-object phrases with a diverse range of meanings (e.g. 打傘|打伞[da3 san3] ""to hold an umbrella"", 打電話|打电话[da3 dian4 hua4] ""to make a phone call"", 打針|打针[da3 zhen1] ""to get an injection"", 打手套[da3 shou3 tao4] ""to knit gloves"", 打氣|打气[da3 qi4] ""to inflate"") / to hit; to strike / to fight"
这家便利店似乎两周前就关门了。,两,two / both / some / a few
这家火锅店口碑极好，很多顾客情愿排队等一两个小时，也要在这里吃。,两,a few / two / both / some
这家火锅店口碑极好，很多顾客情愿排队等一两个小时，也要在这里吃。,等,to wait for; to await / by the time; when; till
这所学校成立于1950年。,所,"classifier for houses, small buildings, institutions etc / place / actually"
这所无人不知的重点初中的家长可谓卧虎藏龙，基本上都是知名学者、政府高官、企业高管等有着较高社会地位的人。,所,"classifier for houses, small buildings, institutions etc / place / actually"
这所无人不知的重点初中的家长可谓卧虎藏龙，基本上都是知名学者、政府高官、企业高管等有着较高社会地位的人。,等,and so on; etc.; et al. / (used to end an enumeration) / (literary) (plural suffix attached to a personal pronoun or noun) / (bound form) class; rank; grade / (bound form) equal to; same as
这批有志于交响乐艺术的音乐家始终以发展中国高水平的交响乐为己任。他们宁愿生活艰苦些，也不愿放弃自己热爱的事业。,批,"classifier for batches, lots, military flights / tier (for the ranking of universities and colleges)"
这支队伍非常优秀，连续几年都获得了冠军。,支,"classifier for rods such as pens and guns, for army divisions and for songs or compositions / branch / division"
这本书二十八块。,本,"classifier for books, periodicals, files etc"
这本书二十四块（钱）。,本,"classifier for books, periodicals, files etc"
这本书别说本科生了，研究生读起来都费劲。,本,(bound form) one's own; this / (bound form) root; stem / originally; initially / (bound form) this; the current (year etc) / (bound form) origin; source / (bound form) original / (bound form) inherent / capital; principal
这本书多少钱？,本,"classifier for books, periodicals, files etc"
这本书收录了很多幽默、滑稽的故事，不过倘若能在捧腹大笑之余回味一番，便可发现这些故事背后也蕴含着深刻的哲理。,之,"(possessive particle, literary equivalent of 的[de5])"
这本书收录了很多幽默、滑稽的故事，不过倘若能在捧腹大笑之余回味一番，便可发现这些故事背后也蕴含着深刻的哲理。,本,"classifier for books, periodicals, files etc"
这本书是中文书。,本,"classifier for books, periodicals, files etc"
这本书的内容比较简单，我读得很快。,本,"classifier for books, periodicals, files etc"
这本书的第一页写有作者的名字。,本,"classifier for books, periodicals, files etc"
这本小说较为客观地反映了当时的社会现实。,本,"classifier for books, periodicals, files etc"
这次友好访问，必将使两国关系上升到一个新的阶段。,两,two / both / some / a few
这次旅行给我留下了极其深刻的印象，尤其是当地的美食和历史。,和,(joining two nouns) and; together with; with (Taiwan pr. [han4])
这次机会非常难得，一旦错过了，你会后悔的。,会,to be likely to; to be sure to / can; to have the skill; to know how to / to meet; to get together
这次比赛中，9号选手的表现尤为突出，给评委和观众都留下了深刻的印象。,和,(joining two nouns) and; together with; with (Taiwan pr. [han4])
这点儿小事你竟然能唠叨两个多小时，真是的！,两,two / both / some / a few
这种药品一则价格高昂，二则产量较少，三则副作用明显，因此难以推广。,则,(literary) (conjunction used to express contrast with a previous clause) but; then / (bound form) standard; norm / (bound form) principle / (literary) to imitate; to follow
这部剧除男女主角之外，其他演员皆一人分饰数角，但每个人物特点鲜明，并不会让观众混淆。,之,"(possessive particle, literary equivalent of 的[de5])"
这部剧除男女主角之外，其他演员皆一人分饰数角，但每个人物特点鲜明，并不会让观众混淆。,会,to be likely to; to be sure to / can; to have the skill; to know how to / to meet; to get together
这部电影是根据人们所熟悉的故事改编的。,所,particle introducing a relative clause or passive / that which
这首歌再听多少遍也不会烦。,会,to be likely to; to be sure to / can; to have the skill; to know how to / to meet; to get together
选择职业的时候，应该首先了解自己的性格、能力，其次再考虑工资、收入等方面的问题。,等,and so on; etc.; et al. / (used to end an enumeration) / (literary) (plural suffix attached to a personal pronoun or noun) / (bound form) class; rank; grade / (bound form) equal to; same as
选来选去还是这副手套戴着最舒服。,副,"classifier for pairs, sets of things & facial expressions"
遇事别多想，该吃吃，该喝喝，天塌不下来。,别,don't ...!
遇事别多想，该吃吃，该喝喝，天塌不下来。,该,should / ought to / must be / to deserve / to owe / to be sb's turn to do sth / probably
道歉不会损害企业的形象，反而能够赢得消费者的信任。,会,to be likely to; to be sure to / can; to have the skill; to know how to / to meet; to get together
那些我们一度以为难以承受的挫折，终将会变成人生宝贵的经历，只是时间的问题罢了。,会,to be likely to; to be sure to / can; to have the skill; to know how to / to meet; to get together
那姑娘动不动就给他打电话，弄得别人都以为他们是恋爱关系。,打,"a semantically light, transitive verb that is combined with various grammatical objects to form compound verbs and verb-object phrases with a diverse range of meanings (e.g. 打傘|打伞[da3 san3] ""to hold an umbrella"", 打電話|打电话[da3 dian4 hua4] ""to make a phone call"", 打針|打针[da3 zhen1] ""to get an injection"", 打手套[da3 shou3 tao4] ""to knit gloves"", 打氣|打气[da3 qi4] ""to inflate"") / to hit; to strike / to fight"
那本书我看过了。,本,"classifier for books, periodicals, files etc"
那本书能给我看看吗？,本,"classifier for books, periodicals, files etc"
那本书里头是不是有一封信？,本,"classifier for books, periodicals, files etc"
邻居跟我偶然碰见时会闲聊几句，说的无非是些家长里短的事情。,会,to be likely to; to be sure to / can; to have the skill; to know how to / to meet; to get together
都十一点了，别看电视了。,别,don't ...!
都十一点了，别看电视了。,点,(after a number) o'clock / classifier for small amounts / point; dot; spot; speck / point in time or space / a small amount; a bit; (after a verb or adjective) a bit more / (math.) decimal point / dot stroke in Chinese characters
都十二点了，快睡觉吧。,点,(after a number) o'clock / classifier for small amounts / point; dot; spot; speck / point in time or space / a small amount; a bit; (after a verb or adjective) a bit more / (math.) decimal point / dot stroke in Chinese characters
重庆火锅好吃是好吃，不过对于吃不惯麻辣味的人来说，恐怕会难以入口。,会,to be likely to; to be sure to / can; to have the skill; to know how to / to meet; to get together
鉴于市场需求和用户偏好的不断变化，产品设计应适时转变策略，适应市场发展。,和,(joining two nouns) and; together with; with (Taiwan pr. [han4])
鉴于此问题情况复杂、涉及面广，本文限于篇幅，暂且不做讨论。,面,"aspect / face / side / surface / top / classifier for objects with flat surfaces such as drums, mirrors, flags etc"
门口站着一个人。,站,to stand / to halt / to stop
限于作者水平，如有不当之处还望专家予以批评指正。,之,"(possessive particle, literary equivalent of 的[de5])"
除了北京（以外），别的城市我都没去过。,别,"(bound form) other; another; different / to leave; to part (from) / (literary) to differentiate; to distinguish / to fasten with a pin or clip / to stick in; to insert (in order to hinder movement) / (dialect) to turn away; to turn aside; to avert (one's face, gaze etc) / (noun suffix) category (as in 性別|性别[xing4 bie2], 派別|派别[pai4 bie2])"
除了北京，你还去过别的城市吗？,别,"(bound form) other; another; different / to leave; to part (from) / (literary) to differentiate; to distinguish / to fasten with a pin or clip / to stick in; to insert (in order to hinder movement) / (dialect) to turn away; to turn aside; to avert (one's face, gaze etc) / (noun suffix) category (as in 性別|性别[xing4 bie2], 派別|派别[pai4 bie2])"
除非他承认错误并向我道歉，否则我不会原谅他。,会,to be likely to; to be sure to / can; to have the skill; to know how to / to meet; to get together
除非你亲自邀请，他才有可能同意参加。,才,then and only then / just now / (before an expression of quantity) only
除非是紧急情况，我才会向他求助。,会,to be likely to; to be sure to / can; to have the skill; to know how to / to meet; to get together
除非是紧急情况，我才会向他求助。,才,then and only then / just now / (before an expression of quantity) only
随着经济的发展，人们的生活水平提高了，并且对健康和生活质量的要求也越来越高。,和,(joining two nouns) and; together with; with (Taiwan pr. [han4])
雪下得这么大，估计不会有客人来了，干脆早点儿关门算了。,会,to be likely to; to be sure to / can; to have the skill; to know how to / to meet; to get together
零点五、三分之一、百分之二十、两倍,两,two / both / some / a few
零点五、三分之一、百分之二十、两倍,之,"(possessive particle, literary equivalent of 的[de5])"
零点五、三分之一、百分之二十、两倍,点,(math.) decimal point / classifier for small amounts / point; dot; spot; speck / point in time or space / (after a number) o'clock / a small amount; a bit; (after a verb or adjective) a bit more / dot stroke in Chinese characters
音乐声把游客都吸引过去了。,过去,to go over; to pass by
领导干部不能有私心杂念，要全心全意为人民服务，想人民之所想，急人民之所急。,之,"(possessive particle, literary equivalent of 的[de5])"
领导干部不能有私心杂念，要全心全意为人民服务，想人民之所想，急人民之所急。,所,that which / particle introducing a relative clause or passive
领导进行调研的方式有多种，可以明察，可以暗访，可以召开小型座谈会，还可以针对性地个别谈话。该用什么方式，应视情况而定。,该,should / ought to / must be / to deserve / to owe / to be sb's turn to do sth / probably
首先要找到一个合适的目标，然后坚持学习，这样才能学好中文。,才,then and only then / just now / (before an expression of quantity) only
马上就要面试了，他紧张得坐也不是，站也不是。,站,to stand / to halt / to stop
高科技绝对会成为各行各业发展的重要因素。,会,to be likely to; to be sure to / can; to have the skill; to know how to / to meet; to get together
高速公路上一辆大货车轮胎起火亟需救援，高速交警接警后，火速派附近警力和,和,(joining two nouns) and; together with; with (Taiwan pr. [han4])
鱼相继在水中跃起，原本平静的湖面，骤然起了波澜。,面,"surface / face / side / aspect / top / classifier for objects with flat surfaces such as drums, mirrors, flags etc"
鲁迅早就主张用“拿来主义”对待他国的科学文化。他主张“拿来”以后，再区别好坏，或用或弃，总而言之，为我所用。,所,particle introducing a relative clause or passive / that which
