examLevelId	word
HSK2	爱
HSK2	八
HSK2	爸
HSK2	百
HSK2	半
HSK2	比
HSK2	边
HSK2	不
HSK2	茶
HSK2	打
HSK2	大
HSK2	地
HSK2	的
HSK2	点
HSK2	对
HSK2	多
HSK2	儿
HSK2	二
HSK2	分
HSK2	哥
HSK2	个
HSK2	工
HSK2	口
HSK2	国
HSK2	过
HSK2	还
HSK2	汉
HSK2	好
HSK2	和
HSK2	很
HSK2	后
HSK2	会
HSK2	几
HSK2	家
HSK2	间
HSK2	叫
HSK2	姐
HSK2	今
HSK2	男
HSK2	九
HSK2	可
HSK2	来
HSK2	了
HSK2	两
HSK2	六
HSK2	妈
HSK2	吗
HSK2	么
HSK2	没
HSK2	们
HSK2	名
HSK2	那
HSK2	你
HSK2	年
HSK2	七
HSK2	去
HSK2	人
HSK2	日
HSK2	三
HSK2	少
HSK2	上
HSK2	什
HSK2	生
HSK2	十
HSK2	时
HSK2	是
HSK2	书
HSK2	说
HSK2	四
HSK2	岁
HSK2	他
HSK2	她
HSK2	天
HSK2	同
HSK2	为
HSK2	文
HSK2	我
HSK2	五
HSK2	午
HSK2	习
HSK2	下
HSK2	小
HSK2	现
HSK2	写
HSK2	学
HSK2	要
HSK2	也
HSK2	一
HSK2	以
HSK2	有
HSK2	语
HSK2	月
HSK2	在
HSK2	长
HSK2	这
HSK2	中
HSK2	子
HSK2	女
HSK2	字
HSK2	作
HSK3	安
HSK3	把
HSK3	般
HSK3	板
HSK3	办
HSK3	饱
HSK3	报
HSK3	北
HSK3	被
HSK3	必
HSK3	变
HSK3	冰
HSK3	才
HSK3	参
HSK3	草
HSK3	层
HSK3	查
HSK3	差
HSK3	成
HSK3	城
HSK3	除
HSK3	处
HSK3	春
HSK3	答
HSK3	带
HSK3	单
HSK3	当
HSK3	灯
HSK3	典
HSK3	调
HSK3	定
HSK3	丢
HSK3	冬
HSK3	段
HSK3	而
HSK3	耳
HSK3	发
HSK3	法
HSK3	方
HSK3	放
HSK3	风
HSK3	复
HSK3	该
HSK3	干
HSK3	刚
HSK3	更
HSK3	共
HSK3	故
HSK3	瓜
HSK3	海
HSK3	合
HSK3	河
HSK3	护
HSK3	化
HSK3	换
HSK3	活
HSK3	或
HSK3	级
HSK3	急
HSK3	加
HSK3	假
HSK3	讲
HSK3	角
HSK3	饺
HSK3	节
HSK3	结
HSK3	借
HSK3	斤
HSK3	净
HSK3	久
HSK3	句
HSK3	卡
HSK3	渴
HSK3	刻
HSK3	空
HSK3	哭
HSK3	礼
HSK3	李
HSK3	力
HSK3	练
HSK3	凉
HSK3	马
HSK3	毛
HSK3	目
HSK3	南
HSK3	难
HSK3	努
HSK3	怕
HSK3	胖
HSK3	片
HSK3	平
HSK3	瓶
HSK3	其
HSK3	汽
HSK3	且
HSK3	轻
HSK3	秋
HSK3	求
HSK3	区
HSK3	全
HSK3	如
HSK3	伞
HSK3	山
HSK3	勺
HSK3	声
HSK3	实
HSK3	适
HSK3	收
HSK3	受
HSK3	树
HSK3	特
HSK3	挺
HSK3	图
HSK3	闻
HSK3	务
HSK3	物
HSK3	夏
HSK3	相
HSK3	香
HSK3	响
HSK3	向
HSK3	心
HSK3	信
HSK3	行
HSK3	须
HSK3	选
HSK3	牙
HSK3	言
HSK3	羊
HSK3	阳
HSK3	养
HSK3	业
HSK3	页
HSK3	音
HSK3	饮
HSK3	应
HSK3	用
HSK3	又
HSK3	于
HSK3	育
HSK3	咱
HSK3	张
HSK3	者
HSK3	直
HSK3	纸
HSK3	种
HSK3	重
HSK3	主
HSK3	助
HSK3	总
HSK4	巴
HSK4	保
HSK4	抱
HSK4	背
HSK4	标
HSK4	并
HSK4	部
HSK4	餐
HSK4	产
HSK4	厂
HSK4	晨
HSK4	程
HSK4	吹
HSK4	此
HSK4	村
HSK4	达
HSK4	刀
HSK4	导
HSK4	倒
HSK4	低
HSK4	掉
HSK4	度
HSK4	断
HSK4	队
HSK4	烦
HSK4	反
HSK4	份
HSK4	否
HSK4	父
HSK4	改
HSK4	敢
HSK4	各
HSK4	够
HSK4	挂
HSK4	观
HSK4	管
HSK4	广
HSK4	喊
HSK4	忽
HSK4	虎
HSK4	划
HSK4	基
HSK4	及
HSK4	计
HSK4	技
HSK4	际
HSK4	济
HSK4	寄
HSK4	建
HSK4	江
HSK4	将
HSK4	金
HSK4	京
HSK4	究
HSK4	举
HSK4	科
HSK4	克
HSK4	况
HSK4	困
HSK4	拉
HSK4	利
HSK4	例
HSK4	俩
HSK4	连
HSK4	联
HSK4	量
HSK4	另
HSK4	流
HSK4	论
HSK4	麻
HSK4	美
HSK4	民
HSK4	内
HSK4	农
HSK4	弄
HSK4	排
HSK4	牌
HSK4	篇
HSK4	品
HSK4	普
HSK4	强
HSK4	青
HSK4	取
HSK4	确
HSK4	任
HSK4	扔
HSK4	入
HSK4	社
HSK4	深
HSK4	省
HSK4	食
HSK4	使
HSK4	示
HSK4	式
HSK4	输
HSK4	熟
HSK4	术
HSK4	顺
HSK4	随
HSK4	台
HSK4	态
HSK4	谈
HSK4	汤
HSK4	堂
HSK4	讨
HSK4	套
HSK4	庭
HSK4	停
HSK4	通
HSK4	痛
HSK4	土
HSK4	推
HSK4	味
HSK4	温
HSK4	无
HSK4	误
HSK4	线
HSK4	象
HSK4	性
HSK4	兄
HSK4	许
HSK4	血
HSK4	压
HSK4	亚
HSK4	研
HSK4	验
HSK4	夜
HSK4	印
HSK4	永
HSK4	由
HSK4	油
HSK4	与
HSK4	原
HSK4	约
HSK4	云
HSK4	增
HSK4	章
HSK4	之
HSK4	支
HSK4	止
HSK4	指
HSK4	至
HSK4	志
HSK4	众
HSK4	专
HSK4	转
HSK4	装
HSK4	资
HSK4	组
HSK4	座
HSK5	版
HSK5	扮
HSK5	伴
HSK5	宝
HSK5	贝
HSK5	币
HSK5	闭
HSK5	补
HSK5	布
HSK5	采
HSK5	册
HSK5	测
HSK5	叉
HSK5	吵
HSK5	沉
HSK5	称
HSK5	承
HSK5	尺
HSK5	冲
HSK5	充
HSK5	虫
HSK5	抽
HSK5	丑
HSK5	臭
HSK5	传
HSK5	创
HSK5	代
HSK5	胆
HSK5	旦
HSK5	挡
HSK5	敌
HSK5	冻
HSK5	斗
HSK5	豆
HSK5	独
HSK5	吨
HSK5	范
HSK5	防
HSK5	访
HSK5	疯
HSK5	佛
HSK5	府
HSK5	妇
HSK5	搞
HSK5	贡
HSK5	构
HSK5	古
HSK5	柜
HSK5	哈
HSK5	含
HSK5	胡
HSK5	湖
HSK5	华
HSK5	挥
HSK5	挤
HSK5	甲
HSK5	架
HSK5	艰
HSK5	局
HSK5	巨
HSK5	军
HSK5	均
HSK5	靠
HSK5	宽
HSK5	亏
HSK5	括
HSK5	劳
HSK5	泪
HSK5	类
HSK5	立
HSK5	良
HSK5	疗
HSK5	烈
HSK5	领
HSK5	令
HSK5	龙
HSK5	陆
HSK5	录
HSK5	骂
HSK5	秘
HSK5	某
HSK5	念
HSK5	派
HSK5	配
HSK5	盆
HSK5	碰
HSK5	匹
HSK5	拼
HSK5	齐
HSK5	欠
HSK5	曲
HSK5	权
HSK5	劝
HSK5	忍
HSK5	晒
HSK5	舍
HSK5	设
HSK5	神
HSK5	升
HSK5	胜
HSK5	诗
HSK5	石
HSK5	似
HSK5	势
HSK5	守
HSK5	私
HSK5	素
HSK5	宿
HSK5	挑
HSK5	团
HSK5	退
HSK5	拖
HSK5	伟
HSK5	未
HSK5	胃
HSK5	武
HSK5	夕
HSK5	析
HSK5	席
HSK5	闲
HSK5	显
HSK5	县
HSK5	形
HSK5	宣
HSK5	寻
HSK5	训
HSK5	咬
HSK5	依
HSK5	乙
HSK5	亿
HSK5	义
HSK5	益
HSK5	映
HSK5	余
HSK5	玉
HSK5	圆
HSK5	载
HSK5	造
HSK5	占
HSK5	召
HSK5	政
HSK5	织
HSK5	制
HSK5	治
HSK5	致
HSK5	猪
HSK5	竹
HSK5	抓
HSK5	状
HSK5	追
HSK6	岸
HSK6	昂
HSK6	拔
HSK6	摆
HSK6	悲
HSK6	奔
HSK6	编
HSK6	兵
HSK6	财
HSK6	仓
HSK6	侧
HSK6	策
HSK6	肠
HSK6	畅
HSK6	抄
HSK6	臣
HSK6	尘
HSK6	呈
HSK6	愁
HSK6	串
HSK6	闯
HSK6	纯
HSK6	匆
HSK6	寸
HSK6	呆
HSK6	诞
HSK6	岛
HSK6	德
HSK6	抵
HSK6	吊
HSK6	顶
HSK6	夺
HSK6	恶
HSK6	帆
HSK6	凡
HSK6	犯
HSK6	妨
HSK6	肺
HSK6	氛
HSK6	奉
HSK6	辅
HSK6	肝
HSK6	岗
HSK6	攻
HSK6	巩
HSK6	孤
HSK6	股
HSK6	骨
HSK6	拐
HSK6	官
HSK6	贯
HSK6	归
HSK6	龟
HSK6	轨
HSK6	罕
HSK6	旱
HSK6	恨
HSK6	宏
HSK6	幻
HSK6	皇
HSK6	击
HSK6	饥
HSK6	吉
HSK6	夹
HSK6	尖
HSK6	肩
HSK6	杰
HSK6	戒
HSK6	劲
HSK6	井
HSK6	径
HSK6	纠
HSK6	刊
HSK6	抗
HSK6	夸
HSK6	兰
HSK6	拦
HSK6	牢
HSK6	雷
HSK6	劣
HSK6	轮
HSK6	迈
HSK6	麦
HSK6	盲
HSK6	贸
HSK6	妙
HSK6	灭
HSK6	纳
HSK6	泥
HSK6	拟
HSK6	扭
HSK6	盼
HSK6	抛
HSK6	泡
HSK6	佩
HSK6	披
HSK6	贫
HSK6	坡
HSK6	迫
HSK6	扑
HSK6	朴
HSK6	启
HSK6	枪
HSK6	瞧
HSK6	圈
HSK6	券
HSK6	丧
HSK6	杀
HSK6	闪
HSK6	尚
HSK6	舌
HSK6	审
HSK6	寿
HSK6	汰
HSK6	坛
HSK6	吐
HSK6	吞
HSK6	托
HSK6	亡
HSK6	委
HSK6	谓
HSK6	沃
HSK6	乌
HSK6	吓
HSK6	雄
HSK6	旬
HSK6	讯
HSK6	讶
HSK6	炎
HSK6	央
HSK6	仰
HSK6	仪
HSK6	异
HSK6	抑
HSK6	英
HSK6	忧
HSK6	予
HSK6	晕
HSK6	匀
HSK6	孕
HSK6	灾
HSK6	扎
HSK6	宅
HSK6	仗
HSK6	枝
HSK6	肿
HSK6	州
HSK6	妆
HSK6	庄
HSK6	壮
HSK7-9	挨
HSK7-9	癌
HSK7-9	疤
HSK7-9	坝
HSK7-9	罢
HSK7-9	掰
HSK7-9	扳
HSK7-9	颁
HSK7-9	拌
HSK7-9	绊
HSK7-9	绑
HSK7-9	磅
HSK7-9	煲
HSK7-9	卑
HSK7-9	碑
HSK7-9	绷
HSK7-9	蹦
HSK7-9	弊
HSK7-9	贬
HSK7-9	扁
HSK7-9	辨
HSK7-9	辩
HSK7-9	憋
HSK7-9	丙
HSK7-9	波
HSK7-9	剥
HSK7-9	伯
HSK7-9	勃
HSK7-9	搏
HSK7-9	卜
HSK7-9	怖
HSK7-9	惨
HSK7-9	灿
HSK7-9	蹭
HSK7-9	岔
HSK7-9	掺
HSK7-9	搀
HSK7-9	馋
HSK7-9	缠
HSK7-9	铲
HSK7-9	阐
HSK7-9	昌
HSK7-9	扯
HSK7-9	陈
HSK7-9	秤
HSK7-9	痴
HSK7-9	耻
HSK7-9	赤
HSK7-9	仇
HSK7-9	绸
HSK7-9	畴
HSK7-9	酬
HSK7-9	稠
HSK7-9	瞅
HSK7-9	锄
HSK7-9	揣
HSK7-9	踹
HSK7-9	喘
HSK7-9	幢
HSK7-9	捶
HSK7-9	锤
HSK7-9	蠢
HSK7-9	戳
HSK7-9	慈
HSK7-9	赐
HSK7-9	葱
HSK7-9	丛
HSK7-9	凑
HSK7-9	窜
HSK7-9	粹
HSK7-9	搓
HSK7-9	逮
HSK7-9	党
HSK7-9	荡
HSK7-9	盗
HSK7-9	蹬
HSK7-9	瞪
HSK7-9	堤
HSK7-9	颠
HSK7-9	垫
HSK7-9	淀
HSK7-9	奠
HSK7-9	叼
HSK7-9	雕
HSK7-9	爹
HSK7-9	叠
HSK7-9	碟
HSK7-9	丁
HSK7-9	盯
HSK7-9	钉
HSK7-9	董
HSK7-9	兜
HSK7-9	抖
HSK7-9	陡
HSK7-9	赌
HSK7-9	妒
HSK7-9	兑
HSK7-9	炖
HSK7-9	鹅
HSK7-9	遏
HSK7-9	恩
HSK7-9	伐
HSK7-9	废
HSK7-9	沸
HSK7-9	坟
HSK7-9	粪
HSK7-9	锋
HSK7-9	逢
HSK7-9	凤
HSK7-9	缝
HSK7-9	敷
HSK7-9	伏
HSK7-9	辐
HSK7-9	抚
HSK7-9	赴
HSK7-9	腹
HSK7-9	钙
HSK7-9	甘
HSK7-9	杆
HSK7-9	纲
HSK7-9	缸
HSK7-9	搁
HSK7-9	耕
HSK7-9	弓
HSK7-9	拱
HSK7-9	勾
HSK7-9	钩
HSK7-9	谷
HSK7-9	雇
HSK7-9	乖
HSK7-9	灌
HSK7-9	鬼
HSK7-9	函
HSK7-9	撼
HSK7-9	呵
HSK7-9	禾
HSK7-9	哼
HSK7-9	恒
HSK7-9	轰
HSK7-9	哄
HSK7-9	烘
HSK7-9	弘
HSK7-9	吼
HSK7-9	唤
HSK7-9	焕
HSK7-9	荒
HSK7-9	慌
HSK7-9	凰
HSK7-9	煌
HSK7-9	晃
HSK7-9	谎
HSK7-9	辉
HSK7-9	毁
HSK7-9	昏
HSK7-9	荤
HSK7-9	魂
HSK7-9	豁
HSK7-9	稽
HSK7-9	忌
HSK7-9	剂
HSK7-9	祭
HSK7-9	暨
HSK7-9	煎
HSK7-9	拣
HSK7-9	俭
HSK7-9	贱
HSK7-9	溅
HSK7-9	姜
HSK7-9	僵
HSK7-9	桨
HSK7-9	匠
HSK7-9	绞
HSK7-9	搅
HSK7-9	缴
HSK7-9	皆
HSK7-9	揭
HSK7-9	劫
HSK7-9	竭
HSK7-9	筋
HSK7-9	茎
HSK7-9	晶
HSK7-9	鲸
HSK7-9	揪
HSK7-9	倔
HSK7-9	掘
HSK7-9	崛
HSK7-9	嚼
HSK7-9	俊
HSK7-9	峻
HSK7-9	慨
HSK7-9	堪
HSK7-9	侃
HSK7-9	槛
HSK7-9	扛
HSK7-9	磕
HSK7-9	壳
HSK7-9	恳
HSK7-9	啃
HSK7-9	坑
HSK7-9	孔
HSK7-9	抠
HSK7-9	垮
HSK7-9	挎
HSK7-9	跨
HSK7-9	筐
HSK7-9	框
HSK7-9	愧
HSK7-9	捆
HSK7-9	蜡
HSK7-9	揽
HSK7-9	捞
HSK7-9	涝
HSK7-9	勒
HSK7-9	愣
HSK7-9	廉
HSK7-9	咧
HSK7-9	猎
HSK7-9	裂
HSK7-9	拎
HSK7-9	赁
HSK7-9	聆
HSK7-9	溜
HSK7-9	瘤
HSK7-9	遛
HSK7-9	聋
HSK7-9	隆
HSK7-9	搂
HSK7-9	陋
HSK7-9	鹿
HSK7-9	卵
HSK7-9	抡
HSK7-9	萝
HSK7-9	裸
HSK7-9	屡
HSK7-9	缕
HSK7-9	脉
HSK7-9	瞒
HSK7-9	蔓
HSK7-9	茫
HSK7-9	枚
HSK7-9	昧
HSK7-9	闷
HSK7-9	蒙
HSK7-9	盟
HSK7-9	猛
HSK7-9	眯
HSK7-9	谜
HSK7-9	泌
HSK7-9	苗
HSK7-9	庙
HSK7-9	蔑
HSK7-9	鸣
HSK7-9	膜
HSK7-9	磨
HSK7-9	魔
HSK7-9	抹
HSK7-9	莫
HSK7-9	墨
HSK7-9	谋
HSK7-9	亩
HSK7-9	牧
HSK7-9	募
HSK7-9	墓
HSK7-9	乃
HSK7-9	挠
HSK7-9	嫩
HSK7-9	逆
HSK7-9	腻
HSK7-9	黏
HSK7-9	撵
HSK7-9	尿
HSK7-9	捏
HSK7-9	宁
HSK7-9	凝
HSK7-9	纽
HSK7-9	钮
HSK7-9	挪
HSK7-9	趴
HSK7-9	攀
HSK7-9	畔
HSK7-9	刨
HSK7-9	炮
HSK7-9	烹
HSK7-9	棚
HSK7-9	蓬
HSK7-9	劈
HSK7-9	辟
HSK7-9	偏
HSK7-9	泊
HSK7-9	颇
HSK7-9	魄
HSK7-9	谱
HSK7-9	曝
HSK7-9	沏
HSK7-9	漆
HSK7-9	乞
HSK7-9	契
HSK7-9	掐
HSK7-9	迁
HSK7-9	呛
HSK7-9	翘
HSK7-9	撬
HSK7-9	侵
HSK7-9	擎
HSK7-9	驱
HSK7-9	诠
HSK7-9	拳
HSK7-9	瘸
HSK7-9	嚷
HSK7-9	饶
HSK7-9	惹
HSK7-9	仁
HSK7-9	饪
HSK7-9	揉
HSK7-9	若
HSK7-9	桑
HSK7-9	骚
HSK7-9	纱
HSK7-9	捎
HSK7-9	哨
HSK7-9	肾
HSK7-9	渗
HSK7-9	牲
HSK7-9	圣
HSK7-9	屎
HSK7-9	逝
HSK7-9	梳
HSK7-9	疏
HSK7-9	赎
HSK7-9	署
HSK7-9	墅
HSK7-9	耍
HSK7-9	甩
HSK7-9	拴
HSK7-9	涮
HSK7-9	霜
HSK7-9	爽
HSK7-9	丝
HSK7-9	撕
HSK7-9	寺
HSK7-9	肆
HSK7-9	耸
HSK7-9	讼
HSK7-9	苏
HSK7-9	酥
HSK7-9	蒜
HSK7-9	塌
HSK7-9	拓
HSK7-9	胎
HSK7-9	贪
HSK7-9	摊
HSK7-9	滩
HSK7-9	瘫
HSK7-9	痰
HSK7-9	坦
HSK7-9	叹
HSK7-9	炭
HSK7-9	淌
HSK7-9	陶
HSK7-9	腾
HSK7-9	剃
HSK7-9	舔
HSK7-9	捅
HSK7-9	凸
HSK7-9	秃
HSK7-9	涂
HSK7-9	臀
HSK7-9	驮
HSK7-9	妥
HSK7-9	瓦
HSK7-9	丸
HSK7-9	挽
HSK7-9	旺
HSK7-9	伪
HSK7-9	畏
HSK7-9	纹
HSK7-9	吻
HSK7-9	窝
HSK7-9	捂
HSK7-9	勿
HSK7-9	悟
HSK7-9	牺
HSK7-9	稀
HSK7-9	溪
HSK7-9	袭
HSK7-9	虾
HSK7-9	瞎
HSK7-9	峡
HSK7-9	狭
HSK7-9	辖
HSK7-9	仙
HSK7-9	纤
HSK7-9	掀
HSK7-9	弦
HSK7-9	衔
HSK7-9	宪
HSK7-9	镶
HSK7-9	巷
HSK7-9	邪
HSK7-9	泄
HSK7-9	泻
HSK7-9	卸
HSK7-9	懈
HSK7-9	馨
HSK7-9	腥
HSK7-9	刑
HSK7-9	凶
HSK7-9	绣
HSK7-9	锈
HSK7-9	嗅
HSK7-9	吁
HSK7-9	玄
HSK7-9	悬
HSK7-9	削
HSK7-9	穴
HSK7-9	熏
HSK7-9	巡
HSK7-9	驯
HSK7-9	芽
HSK7-9	涯
HSK7-9	哑
HSK7-9	雅
HSK7-9	衍
HSK7-9	掩
HSK7-9	咽
HSK7-9	窑
HSK7-9	耀
HSK7-9	矣
HSK7-9	倚
HSK7-9	亦
HSK7-9	役
HSK7-9	绎
HSK7-9	溢
HSK7-9	翼
HSK7-9	瘾
HSK7-9	鹰
HSK7-9	盈
HSK7-9	庸
HSK7-9	诱
HSK7-9	愚
HSK7-9	舆
HSK7-9	屿
HSK7-9	宇
HSK7-9	郁
HSK7-9	御
HSK7-9	愈
HSK7-9	冤
HSK7-9	缘
HSK7-9	曰
HSK7-9	悦
HSK7-9	蕴
HSK7-9	熨
HSK7-9	砸
HSK7-9	栽
HSK7-9	宰
HSK7-9	攒
HSK7-9	葬
HSK7-9	凿
HSK7-9	枣
HSK7-9	灶
HSK7-9	躁
HSK7-9	贼
HSK7-9	渣
HSK7-9	闸
HSK7-9	诈
HSK7-9	榨
HSK7-9	债
HSK7-9	沾
HSK7-9	斩
HSK7-9	盏
HSK7-9	绽
HSK7-9	蘸
HSK7-9	彰
HSK7-9	胀
HSK7-9	罩
HSK7-9	遮
HSK7-9	振
HSK7-9	蒸
HSK7-9	旨
HSK7-9	帜
HSK7-9	滞
HSK7-9	忠
HSK7-9	衷
HSK7-9	宙
HSK7-9	皱
HSK7-9	烛
HSK7-9	拄
HSK7-9	嘱
HSK7-9	驻
HSK7-9	拽
HSK7-9	撰
HSK7-9	桩
HSK7-9	坠
HSK7-9	卓
HSK7-9	兹
HSK7-9	滋
HSK7-9	籽
HSK7-9	宗
HSK7-9	纵
HSK7-9	揍
